player_name,position,proj_ppg_2025,VORP,adp_rank
Saquon Barkley,RB,21.435,10.676176470588233,3.0
Jahmyr Gibbs,RB,20.18888888888889,9.430065359477124,4.0
Derrick Henry,RB,19.678947368421053,8.920123839009287,7.0
Ja'Marr Chase,WR,19.970588235294116,8.50392156862745,1.0
Bijan Robinson,RB,18.188235294117646,7.429411764705881,2.0
Lamar Jackson,QB,25.607368421052634,6.616701754385968,21.0
Jonathan Taylor,RB,16.978571428571428,6.219747899159662,17.0
Rashee Rice,WR,17.633333333333336,6.16666666666667,64.0
Josh Jacobs,RB,16.70555555555556,5.946732026143794,16.0
Alvin Kamara,RB,16.521428571428572,5.762605042016807,45.0
George Kittle,TE,13.173333333333336,5.71450980392157,30.0
Joe Mixon,RB,16.118750000000002,5.359926470588237,74.0
James Cook,RB,16.068421052631578,5.3095975232198125,31.0
Kyren Williams,RB,16.044444444444444,5.285620915032679,26.0
Brock Bowers,TE,12.158823529411766,4.7,20.0
Chris Godwin,WR,16.114285714285717,4.647619047619051,98.0
Devon Achane,RB,15.347058823529414,4.5882352941176485,15.0
Josh Allen,QB,23.383157894736843,4.3924912280701776,23.0
Trey McBride,TE,11.76875,4.309926470588235,27.0
Taysom Hill,TE,11.73,4.271176470588235,
Chuba Hubbard,RB,14.940000000000001,4.181176470588236,42.0
Tee Higgins,WR,15.633333333333333,4.166666666666666,29.0
Joe Burrow,QB,23.048235294117646,4.05756862745098,39.0
Amon-Ra St. Brown,WR,15.465555555555556,3.9988888888888887,10.0
Justin Jefferson,WR,15.23777777777778,3.7711111111111126,5.0
Kenneth Walker,RB,14.381818181818183,3.622994652406417,41.0
Jalen Hurts,QB,22.50315789473684,3.512491228070175,33.0
James Conner,RB,14.26875,3.509926470588235,46.0
Chase Brown,RB,14.25,3.4911764705882344,25.0
Nico Collins,WR,14.921428571428573,3.454761904761906,9.0
Mike Evans,WR,14.806666666666667,3.34,35.0
Baker Mayfield,QB,22.305555555555557,3.314888888888891,67.0
David Montgomery,RB,13.954666666666666,3.1958431372549008,50.0
Jonnu Smith,TE,10.605882352941178,3.147058823529412,129.0
Malik Nabers,WR,14.473333333333334,3.0066666666666677,12.0
Puka Nacua,WR,14.415384615384616,2.948717948717949,13.0
David Njoku,TE,10.227272727272727,2.768449197860961,77.0
CeeDee Lamb,WR,14.193333333333333,2.7266666666666666,6.0
Davante Adams,WR,14.057142857142855,2.5904761904761884,43.0
Jayden Daniels,QB,21.509999999999998,2.519333333333332,28.0
Breece Hall,RB,13.275,2.516176470588235,40.0
Bucky Irving,RB,13.233333333333334,2.4745098039215687,19.0
Brian Thomas,WR,13.911764705882353,2.4450980392156865,14.0
Terry McLaurin,WR,13.825,2.3583333333333325,44.0
Joe Milton,QB,21.240000000000002,2.249333333333336,
Drake London,WR,13.576470588235296,2.109803921568629,18.0
Aaron Jones,RB,12.755555555555556,1.9967320261437909,71.0
J.K. Dobbins,RB,12.742857142857144,1.9840336134453782,108.0
Travis Kelce,TE,9.41578947368421,1.9569659442724445,57.0
Ladd McConkey,WR,13.417647058823531,1.9509803921568647,24.0
Tyrell Shavers,WR,13.4,1.9333333333333336,34.0
Sam LaPorta,TE,9.33529411764706,1.8764705882352937,47.0
Jimmy Garoppolo,QB,20.86,1.8693333333333335,
Mark Andrews,TE,9.178947368421053,1.720123839009287,61.0
Tyler Higbee,TE,9.16,1.7011764705882344,
A.J. Brown,WR,12.805882352941175,1.3392156862745086,22.0
Dallas Goedert,TE,8.564285714285715,1.1054621848739492,120.0
Zach Ertz,TE,8.545,1.0861764705882342,166.0
Courtland Sutton,WR,12.458823529411765,0.9921568627450981,56.0
denver broncos,DEF,1.4793365728967025,0.8455882352941176,84.0
Stefon Diggs,WR,12.3025,0.8358333333333334,96.0
Jameson Williams,WR,12.293750000000001,0.8270833333333343,65.0
Tony Jones,RB,11.5,0.7411764705882344,71.0
philadelphia eagles,DEF,1.318622287182417,0.684873949579832,82.0
Rachaad White,RB,11.4125,0.6536764705882341,180.0
los angeles chargers,DEF,1.2710032395633692,0.6372549019607844,224.0
Rico Dowdle,RB,11.39375,0.6349264705882351,171.0
Tony Pollard,RB,11.387500000000001,0.6286764705882355,55.0
green bay packers,DEF,1.2293365728967025,0.5955882352941176,221.0
Tucker Kraft,TE,8.022222222222222,0.5633986928104564,91.0
minnesota vikings,DEF,1.146003239563369,0.5122549019607842,127.0
D'Andre Swift,RB,11.264705882352942,0.5058823529411764,70.0
Garrett Wilson,WR,11.964705882352941,0.4980392156862745,36.0
Jaxon Smith-Njigba,WR,11.941176470588236,0.4745098039215687,32.0
Pat Freiermuth,TE,7.933333333333334,0.47450980392156783,160.0
Cade Otton,TE,7.819999999999999,0.36117647058823366,158.0
Jared Goff,QB,19.343333333333334,0.3526666666666678,103.0
detroit lions,DEF,0.9376699062300359,0.303921568627451,147.0
pittsburgh steelers,DEF,0.8543365728967025,0.22058823529411764,101.0
DeVonta Smith,WR,11.670588235294119,0.20392156862745203,51.0
houston texans,DEF,0.8148628886861762,0.1811145510835913,148.0
seattle seahawks,DEF,0.7661012787790554,0.13235294117647056,223.0
Jordan Addison,WR,11.5875,0.12083333333333357,93.0
baltimore ravens,DEF,0.7359155202651235,0.10216718266253866,97.0
Adam Thielen,WR,11.55,0.08333333333333393,161.0
Bo Nix,QB,19.04222222222222,0.0515555555555558,69.0
Sam Darnold,QB,19.03666666666667,0.04600000000000293,139.0
Jakobi Meyers,WR,11.5,0.033333333333333215,94.0
kansas city chiefs,DEF,0.6668365728967025,0.03308823529411764,131.0
Najee Harris,RB,10.772222222222222,0.01339869281045658,128.0
Rhamondre Stevenson,RB,10.76,0.0011764705882342241,115.0
Brock Purdy,QB,18.990666666666666,0.0,72.0
Jauan Jennings,WR,11.466666666666667,0.0,102.0
Brian Robinson,RB,10.758823529411766,0.0,83.0
Isaiah Likely,TE,7.458823529411766,0.0,187.0
miami dolphins,DEF,0.6337483376025849,0.0,197.0
arizona cardinals,DEF,0.6337483376025849,0.0,222.0
buffalo bills,DEF,0.5918365728967026,-0.041911764705882315,185.0
Tay Martin,WR,11.4,-0.06666666666666643,44.0
chicago bears,DEF,0.5455130434849378,-0.08823529411764708,189.0
Patrick Mahomes,QB,18.88842105263158,-0.10224561403508758,49.0
T.J. Hockenson,TE,7.354545454545455,-0.10427807486631036,53.0
Kareem Hunt,RB,10.65,-0.10882352941176521,153.0
Evan Engram,TE,7.333333333333333,-0.1254901960784327,80.0
Xavier Worthy,WR,11.3,-0.16666666666666607,58.0
LA,DEF,0.45959973079143934,-0.17414860681114552,82.0
Jerry Jeudy,WR,11.288235294117648,-0.17843137254901897,88.0
Christian McCaffrey,RB,10.575000000000001,-0.1838235294117645,8.0
new orleans saints,DEF,0.4131601023084672,-0.22058823529411764,
new york jets,DEF,0.36904245524964374,-0.2647058823529411,225.0
D.J. Moore,WR,11.123529411764707,-0.34313725490195957,52.0
tampa bay buccaneers,DEF,0.2710032395633692,-0.3627450980392157,195.0
jacksonville jaguars,DEF,0.23668951407317312,-0.39705882352941174,
Hunter Henry,TE,7.025,-0.4338235294117654,143.0
new england patriots,DEF,0.14845421995552605,-0.4852941176470588,205.0
washington commanders,DEF,0.14183657289670254,-0.4919117647058823,211.0
Rashid Shaheed,WR,10.966666666666669,-0.4999999999999982,186.0
Cooper Kupp,WR,10.964285714285714,-0.5023809523809533,116.0
Kyler Murray,QB,18.48470588235294,-0.505960784313725,90.0
Mike Gesicki,TE,6.9375,-0.5213235294117657,172.0
new york giants,DEF,0.016101278779055483,-0.6176470588235294,204.0
DK Metcalf,WR,10.813333333333333,-0.6533333333333342,48.0
Michael Carter,RB,10.1,-0.6588235294117659,
san francisco 49ers,DEF,-0.028016368279768056,-0.6617647058823529,200.0
atlanta falcons,DEF,-0.028016368279768056,-0.6617647058823529,
Cole Kmet,TE,6.778571428571429,-0.6802521008403364,
las vegas raiders,DEF,-0.1162516623974151,-0.75,
indianapolis colts,DEF,-0.1162516623974151,-0.75,
cincinnati bengals,DEF,-0.16036930945623865,-0.7941176470588235,215.0
cleveland browns,DEF,-0.16036930945623865,-0.7941176470588235,226.0
tennessee titans,DEF,-0.20448695651506218,-0.8382352941176471,
Tyrone Tracy,RB,9.841176470588236,-0.9176470588235297,85.0
Juwan Johnson,TE,6.52,-0.9388235294117662,
Tyreek Hill,WR,10.452941176470588,-1.0137254901960784,34.0
dallas cowboys,DEF,-0.38095754475035637,-1.0147058823529411,207.0
Josh Downs,WR,10.442857142857141,-1.0238095238095255,135.0
Kyle Pitts,TE,6.335294117647059,-1.1235294117647063,140.0
Zach Charbonnet,RB,9.57058823529412,-1.1882352941176464,113.0
George Pickens,WR,10.273333333333335,-1.1933333333333316,59.0
Zay Flowers,WR,10.147058823529411,-1.3196078431372555,60.0
Darnell Mooney,WR,10.075000000000001,-1.3916666666666657,201.0
Keenan Allen,WR,10.026666666666667,-1.4399999999999995,174.0
Jordan Mason,RB,9.291666666666666,-1.4671568627450995,92.0
Calvin Ridley,WR,9.952941176470588,-1.5137254901960784,76.0
Austin Ekeler,RB,9.206666666666667,-1.5521568627450986,154.0
Tyler Conklin,TE,5.9,-1.5588235294117654,
Joshua Dobbs,QB,17.419999999999998,-1.5706666666666678,
Jayden Reed,WR,9.894444444444446,-1.572222222222221,105.0
Marvin Harrison,WR,9.852941176470589,-1.613725490196078,38.0
Foster Moreau,TE,5.819999999999999,-1.6388235294117663,
Payne Durham,TE,5.8,-1.658823529411766,
Rashod Bateman,WR,9.783333333333335,-1.6833333333333318,183.0
Zack Moss,RB,9.05,-1.7088235294117649,
Noah Fant,TE,5.714285714285714,-1.7445378151260513,
carolina panthers,DEF,-1.1309575447503564,-1.7647058823529411,
Devin Culp,TE,5.65,-1.8088235294117654,
Jake Ferguson,TE,5.635714285714286,-1.8231092436974796,117.0
Tua Tagovailoa,QB,17.143636363636364,-1.8470303030303015,145.0
Russell Wilson,QB,17.098333333333333,-1.8923333333333332,
Dalton Kincaid,TE,5.55625,-1.9025735294117654,114.0
Khalil Shakir,WR,9.494444444444445,-1.9722222222222214,130.0
Will Dissly,TE,5.48125,-1.9775735294117656,
Chigoziem Okonkwo,TE,5.4750000000000005,-1.9838235294117652,182.0
Dalton Schultz,TE,5.436842105263159,-2.021981424148607,
Noah Gray,TE,5.377777777777777,-2.0810457516339884,
Theo Johnson,TE,5.36,-2.0988235294117654,
Deebo Samuel,WR,9.292857142857144,-2.1738095238095223,95.0
Alexander Mattison,RB,8.528571428571428,-2.230252100840337,
Brenton Strange,TE,5.221428571428572,-2.2373949579831933,202.0
Tank Bigsby,RB,8.500000000000002,-2.258823529411764,112.0
Nick Westbrook-Ikhine,WR,9.207692307692309,-2.258974358974358,
Quentin Johnston,WR,9.200000000000001,-2.2666666666666657,
Austin Hooper,TE,5.18235294117647,-2.276470588235296,
Geno Smith,QB,16.529411764705884,-2.461254901960782,138.0
Allen Lazard,WR,8.958333333333334,-2.508333333333333,
Jerome Ford,RB,8.25,-2.5088235294117656,176.0
Ameer Abdullah,RB,8.246153846153847,-2.5126696832579185,
Alec Pierce,WR,8.93125,-2.5354166666666664,
Justin Herbert,QB,16.448888888888888,-2.541777777777778,104.0
Tyjae Spears,RB,8.216666666666667,-2.5421568627450988,175.0
Kristian Wilkerson,WR,8.8,-2.666666666666666,194.0
Joe Flacco,QB,16.291428571428572,-2.699238095238094,
Anthony Richardson,QB,16.26,-2.7306666666666644,149.0
Jalen McMillan,WR,8.714285714285714,-2.7523809523809533,75.0
Tommy Tremble,TE,4.6899999999999995,-2.7688235294117662,
Josh Oliver,TE,4.6499999999999995,-2.8088235294117663,
Nick Chubb,RB,7.85,-2.908823529411766,144.0
Javonte Williams,RB,7.844444444444445,-2.9143790849673206,142.0
A.J. Barner,TE,4.535714285714286,-2.92310924369748,
Jordan Akins,TE,4.4375,-3.0213235294117657,
Luke Schoonmaker,TE,4.36,-3.0988235294117654,
Michael Pittman,WR,8.33125,-3.135416666666666,156.0
Dak Prescott,QB,15.815,-3.1756666666666664,89.0
Travis Etienne,RB,7.513333333333334,-3.245490196078432,110.0
Aaron Rodgers,QB,15.739999999999998,-3.2506666666666675,133.0
Tank Dell,WR,8.178571428571429,-3.288095238095238,
Stone Smartt,TE,4.114285714285715,-3.344537815126051,
Caleb Williams,QB,15.561176470588236,-3.4294901960784294,109.0
Wan'Dale Robinson,WR,8.011764705882355,-3.454901960784312,
Justice Hill,RB,7.252941176470588,-3.5058823529411773,
Derek Carr,QB,15.39,-3.6006666666666653,
Chris Olave,WR,7.8375,-3.6291666666666664,79.0
Romeo Doubs,WR,7.814285714285714,-3.6523809523809527,81.0
Jordan Love,QB,15.33375,-3.6569166666666657,123.0
Ricky Pearsall,WR,7.8,-3.666666666666667,99.0
Ja'Tavion Sanders,TE,3.7800000000000002,-3.6788235294117655,
Jaylen Waddle,WR,7.7733333333333325,-3.6933333333333342,66.0
Jaylen Warren,RB,6.9750000000000005,-3.783823529411765,86.0
E.J. Jenkins,TE,3.6,-3.8588235294117657,
Colby Parkinson,TE,3.5647058823529414,-3.8941176470588243,
Isaac Guerendo,RB,6.823076923076924,-3.935746606334842,167.0
Jalen Tolbert,WR,7.5,-3.966666666666667,
Drake Maye,QB,15.01076923076923,-3.9798974358974366,111.0
Grant Calcaterra,TE,3.4785714285714286,-3.980252100840337,
Tanner Hudson,TE,3.4444444444444446,-4.014379084967321,
Charlie Kolar,TE,3.4,-4.058823529411766,
Trevor Lawrence,QB,14.87,-4.120666666666667,173.0
Nick Vannett,TE,3.3333333333333335,-4.125490196078433,
Bryce Young,QB,14.858571428571429,-4.132095238095237,157.0
Cedric Tillman,WR,7.322222222222223,-4.144444444444444,
Erick All,TE,3.225,-4.233823529411765,
Dawson Knox,TE,3.211764705882353,-4.247058823529413,
Josh Whyle,TE,3.1999999999999997,-4.258823529411766,
Christian Kirk,WR,7.175000000000001,-4.291666666666666,194.0
Demario Douglas,WR,7.16875,-4.297916666666667,
Matthew Stafford,QB,14.683333333333334,-4.307333333333332,150.0
Brandon Aiyuk,WR,7.128571428571429,-4.338095238095238,163.0
Daniel Jones,QB,14.63,-4.360666666666665,28.0
Rome Odunze,WR,7.052941176470589,-4.413725490196078,81.0
Nate Adkins,TE,3.0416666666666665,-4.417156862745099,
Jalen Coker,WR,6.96,-4.506666666666667,
Tanner McKee,QB,14.41,-4.580666666666666,
Ray Davis,RB,6.1684210526315795,-4.590402476780186,179.0
Brock Wright,TE,2.85,-4.608823529411765,20.0
C.J. Stroud,QB,14.361052631578948,-4.629614035087718,132.0
Johnny Mundt,TE,2.8214285714285716,-4.637394957983194,
Ben Sinnott,TE,2.8200000000000003,-4.6388235294117655,
DeAndre Hopkins,WR,6.810526315789474,-4.656140350877193,151.0
Elijah Higgins,TE,2.8000000000000003,-4.658823529411766,159.0
Daniel Bellinger,TE,2.7857142857142856,-4.67310924369748,
Sincere McCormick,RB,6.050000000000001,-4.708823529411765,
Amari Cooper,WR,6.7375,-4.729166666666667,116.0
Adam Trautman,TE,2.7142857142857144,-4.744537815126051,
Devin Singletary,RB,6.006666666666666,-4.7521568627451,
Shane Zylstra,TE,2.7,-4.758823529411766,
Xavier Legette,WR,6.706666666666667,-4.76,58.0
Ray-Ray McCloud,WR,6.676470588235294,-4.790196078431372,
Eric Saubert,TE,2.6500000000000004,-4.808823529411765,
Miles Sanders,RB,5.936363636363637,-4.822459893048128,
Darnell Washington,TE,2.6357142857142857,-4.8231092436974805,
Chris Manhertz,TE,2.625,-4.833823529411766,166.0
Harrison Bryant,TE,2.62,-4.838823529411766,
Connor Heyward,TE,2.6,-4.858823529411765,
Marvin Mims,WR,6.605882352941176,-4.860784313725491,199.0
Kayshon Boutte,WR,6.5600000000000005,-4.906666666666666,
Sean Tucker,RB,5.836363636363637,-4.922459893048129,
Kirk Cousins,QB,14.022857142857143,-4.967809523809523,
Roschon Johnson,RB,5.783333333333334,-4.9754901960784315,68.0
Isiah Pacheco,RB,5.78,-4.978823529411765,62.0
Christian Watson,WR,6.485714285714286,-4.980952380952381,194.0
Cam Akers,RB,5.7562500000000005,-5.002573529411765,122.0
Tyler Allgeier,RB,5.747058823529412,-5.011764705882354,188.0
Michael Wilson,WR,6.4375,-5.029166666666667,36.0
Quintin Morris,TE,2.4200000000000004,-5.038823529411765,
Drew Sample,TE,2.409090909090909,-5.049732620320857,
Michael Mayer,TE,2.372727272727273,-5.086096256684493,
Patrick Taylor,RB,5.66,-5.098823529411765,
Lucas Krull,TE,2.309090909090909,-5.149732620320856,
Demarcus Robinson,WR,6.3,-5.166666666666667,
Cade Stover,TE,2.257142857142857,-5.201680672268909,158.0
Noah Brown,WR,6.254545454545456,-5.212121212121211,22.0
Mo Alie-Cox,TE,2.225,-5.233823529411765,
Brevyn Spann-Ford,TE,2.216666666666667,-5.242156862745099,
Tre Tucker,WR,6.223529411764707,-5.24313725490196,
Kenny Yeboah,TE,2.1999999999999997,-5.258823529411766,
Diontae Johnson,WR,6.191666666666666,-5.275,
MyCole Pruitt,TE,2.1666666666666665,-5.292156862745099,140.0
Jordan Whittington,WR,6.171428571428572,-5.295238095238095,
Keon Coleman,WR,6.16875,-5.297916666666667,165.0
Raheem Mostert,RB,5.45,-5.308823529411765,
Devaughn Vele,WR,6.142857142857143,-5.3238095238095235,
Antonio Gibson,RB,5.405882352941177,-5.352941176470589,
Davis Allen,TE,2.1,-5.358823529411765,
Gus Edwards,RB,5.3999999999999995,-5.358823529411766,
Blake Whiteheart,TE,2.0142857142857147,-5.444537815126051,
Tyler Huntley,QB,13.532,-5.458666666666666,
Andrei Iosivas,WR,5.9941176470588236,-5.472549019607843,
Jalen Nailor,WR,5.987500000000001,-5.479166666666666,
Andrew Ogletree,TE,1.9454545454545455,-5.51336898395722,
Emanuel Wilson,RB,5.216666666666667,-5.542156862745099,
Peyton Hendershot,TE,1.9,-5.558823529411766,
Ty Johnson,RB,5.175,-5.583823529411766,68.0
Chris Rodriguez,RB,5.166666666666667,-5.592156862745099,
Jaleel McLaughlin,RB,5.147058823529413,-5.6117647058823525,
Kylen Granson,TE,1.8000000000000003,-5.658823529411766,
Dallin Holker,TE,1.8,-5.658823529411766,
Nikko Remigio,WR,5.800000000000001,-5.666666666666666,
Greg Dulcich,TE,1.7666666666666668,-5.692156862745099,
Marquez Valdes-Scantling,WR,5.769230769230769,-5.697435897435898,
Tyler Lockett,WR,5.676470588235294,-5.790196078431372,
Brandin Cooks,WR,5.66,-5.806666666666667,
Darius Slayton,WR,5.65625,-5.810416666666667,
Hayden Hurst,TE,1.6142857142857143,-5.844537815126051,
Parker Washington,WR,5.615384615384615,-5.851282051282052,
Josh Palmer,WR,5.593333333333334,-5.873333333333333,
Mason Rudolph,QB,13.1,-5.890666666666666,
Bub Means,WR,5.575,-5.891666666666667,
Ben Sims,TE,1.5500000000000003,-5.908823529411766,
Olamide Zaccheaus,WR,5.550000000000001,-5.916666666666666,
Calvin Austin,WR,5.544444444444444,-5.9222222222222225,76.0
Jeremy Ruckert,TE,1.5,-5.958823529411766,
Julian Hill,TE,1.4545454545454546,-6.004278074866312,
Hunter Long,TE,1.4125,-6.046323529411765,143.0
Cody White,WR,5.4,-6.066666666666666,
Mack Hollins,WR,5.378947368421053,-6.087719298245614,9.0
Tip Reiman,TE,1.34,-6.118823529411766,
Cam Grandy,TE,1.3250000000000002,-6.133823529411766,
Dontayvion Wicks,WR,5.327777777777778,-6.138888888888888,
Pharaoh Brown,TE,1.3125000000000002,-6.146323529411766,
Elijah Moore,WR,5.31764705882353,-6.149019607843137,52.0
John Bates,TE,1.3076923076923077,-6.151131221719458,
Isaiah Davis,RB,4.6,-6.158823529411766,179.0
Luke Farrell,TE,1.27,-6.188823529411765,
Will Shipley,RB,4.566666666666666,-6.192156862745099,
Kavontae Turpin,WR,5.246666666666667,-6.22,
Jared Wiley,TE,1.2000000000000002,-6.258823529411766,
Geoff Swaim,TE,1.2000000000000002,-6.258823529411766,
John Samuel Shenker,TE,1.2000000000000002,-6.258823529411766,
Tucker Fisk,TE,1.175,-6.283823529411766,91.0
Braelon Allen,RB,4.452941176470588,-6.305882352941177,125.0
Luke Musgrave,TE,1.1428571428571428,-6.3159663865546225,
Kendre Miller,RB,4.433333333333334,-6.325490196078432,
Jameis Winston,QB,12.649090909090908,-6.341575757575757,
Jacob Kibodi,RB,4.4,-6.358823529411765,
Gabe Davis,WR,5.1,-6.366666666666667,
Tyler Goodson,RB,4.322222222222223,-6.436601307189543,
Charlie Woerner,TE,1.0125,-6.446323529411766,
Dyami Brown,WR,5.016666666666667,-6.45,22.0
Tutu Atwell,WR,5.0125,-6.454166666666667,
Jaheim Bell,TE,1.0000000000000002,-6.458823529411766,
Ross Dwelley,TE,1.0,-6.458823529411766,
Jack Stoll,TE,1.0,-6.458823529411766,
Austin Trammell,WR,5.0,-6.466666666666667,
Josiah Deguara,TE,0.9666666666666667,-6.492156862745099,
Clyde Edwards-Helaire,RB,4.25,-6.508823529411766,
David Moore,WR,4.935714285714286,-6.530952380952381,52.0
Drew Lock,QB,12.448571428571428,-6.5420952380952375,
Brevin Jordan,TE,0.8500000000000001,-6.608823529411765,
Gerald Everett,TE,0.8444444444444446,-6.614379084967322,
Dameon Pierce,RB,4.090909090909091,-6.667914438502675,
Sterling Shepard,WR,4.792307692307693,-6.674358974358974,
Tim Patrick,WR,4.7875000000000005,-6.679166666666666,
Durham Smythe,TE,0.7538461538461539,-6.704977375565612,
Ian Thomas,TE,0.7333333333333334,-6.725490196078432,
Ainias Smith,WR,4.733333333333333,-6.733333333333333,51.0
Jeremy McNichols,RB,4.0125,-6.746323529411765,
Will Mallory,TE,0.7000000000000001,-6.758823529411766,
Irv Smith,TE,0.7,-6.758823529411766,129.0
Marcedes Lewis,TE,0.7,-6.758823529411766,
John FitzPatrick,TE,0.7,-6.758823529411766,
Jamison Crowder,WR,4.683333333333333,-6.783333333333334,
Alex Bachman,WR,4.6,-6.866666666666667,
Feleipe Franks,TE,0.5666666666666668,-6.892156862745099,
David Martin-Robinson,TE,0.55,-6.908823529411766,77.0
Zach Davidson,TE,0.5,-6.958823529411766,166.0
Zamir White,RB,3.7875,-6.971323529411766,180.0
Eric Tomlinson,TE,0.47500000000000003,-6.983823529411766,
Malik Heath,WR,4.45,-7.016666666666667,12.0
Deshaun Watson,QB,11.959999999999999,-7.030666666666667,
Audric Estime,RB,3.707692307692308,-7.051131221719458,
John Metchie,WR,4.391666666666667,-7.075,
Trey Benson,RB,3.6666666666666665,-7.0921568627450995,181.0
Tyler Johnson,WR,4.372727272727273,-7.093939393939394,
Greg Dortch,WR,4.341176470588235,-7.125490196078432,
Joseph Fortson,TE,0.3333333333333333,-7.125490196078433,
Will Levis,QB,11.828333333333333,-7.162333333333333,
Emari Demercado,RB,3.5923076923076924,-7.166515837104074,
Devontez Walker,WR,4.3,-7.166666666666667,
Kalif Raymond,WR,4.290909090909091,-7.175757575757576,
Ezekiel Elliott,RB,3.566666666666667,-7.192156862745099,
Kendrick Bourne,WR,4.258333333333334,-7.208333333333333,
Samaje Perine,RB,3.5200000000000005,-7.238823529411765,
Marquise Brown,WR,4.220000000000001,-7.246666666666666,170.0
David Bell,WR,4.2,-7.266666666666667,
Curtis Samuel,WR,4.194117647058824,-7.272549019607843,95.0
Cedrick Wilson,WR,4.194,-7.272666666666667,
Kimani Vidal,RB,3.355555555555556,-7.4032679738562095,
Khalil Herbert,RB,3.3125,-7.446323529411766,
Brenden Bates,TE,0.0,-7.458823529411766,
Baylor Cupp,TE,0.0,-7.458823529411766,
Brayden Willis,TE,0.0,-7.458823529411766,
Stephen Sullivan,TE,0.0,-7.458823529411766,
Jordan Matthews,TE,0.0,-7.458823529411766,
Josh Reynolds,WR,3.9875000000000003,-7.479166666666666,
Trey Sermon,RB,3.271428571428572,-7.487394957983193,181.0
Christopher Brooks,RB,3.216666666666667,-7.542156862745099,
Tyler Boyd,WR,3.9200000000000004,-7.546666666666667,
D.J. Turner,WR,3.91,-7.556666666666667,
Van Jefferson,WR,3.89375,-7.572916666666667,5.0
Mecole Hardman,WR,3.885714285714286,-7.580952380952381,
D'Onta Foreman,RB,3.16,-7.598823529411765,
Keaton Mitchell,RB,3.1500000000000004,-7.608823529411765,
Troy Franklin,WR,3.8529411764705883,-7.613725490196078,
Kenneth Gainwell,RB,3.1450000000000005,-7.613823529411765,41.0
Ryan Miller,WR,3.85,-7.616666666666667,
JuJu Smith-Schuster,WR,3.835714285714286,-7.630952380952381,
KhaDarel Hodge,WR,3.766666666666667,-7.699999999999999,
Aidan O'Connell,QB,11.275555555555556,-7.71511111111111,
Gardner Minshew,QB,11.232000000000001,-7.758666666666665,
Kenny McIntosh,RB,2.9857142857142853,-7.77310924369748,
Tylan Wallace,WR,3.66,-7.806666666666667,
Spencer Rattler,QB,11.182857142857143,-7.807809523809523,
Malik Washington,WR,3.6500000000000004,-7.816666666666666,12.0
Lil'Jordan Humphrey,WR,3.6285714285714286,-7.838095238095239,
Mike Williams,WR,3.607142857142857,-7.859523809523809,178.0
Justin Fields,QB,11.103636363636364,-7.887030303030302,78.0
Jordan Mims,RB,2.8714285714285714,-7.887394957983194,92.0
Jacob Cowing,WR,3.5666666666666664,-7.9,
Dare Ogunbowale,RB,2.847058823529412,-7.911764705882353,
Hassan Haskins,RB,2.8166666666666664,-7.942156862745099,
Blake Watson,RB,2.8,-7.958823529411766,164.0
Craig Reynolds,RB,2.7714285714285714,-7.987394957983194,
Ronnie Rivers,RB,2.766666666666667,-7.992156862745098,
Tyler Badie,RB,2.675,-8.083823529411767,188.0
Raheem Blackshear,RB,2.6666666666666665,-8.0921568627451,
Jamycal Hasty,RB,2.6444444444444444,-8.114379084967322,
Andy Dalton,QB,10.826666666666666,-8.164,
Cordarrelle Patterson,RB,2.576923076923077,-8.181900452488689,
Pierre Strong,RB,2.563636363636364,-8.195187165775401,
Ty Chandler,RB,2.54,-8.218823529411765,
Jamaal Williams,RB,2.5076923076923077,-8.251131221719458,26.0
D'Ernest Johnson,RB,2.4916666666666667,-8.267156862745098,68.0
Jermaine Burton,WR,3.1750000000000003,-8.291666666666666,
Mac Jones,QB,10.608,-8.382666666666665,
Justin Watson,WR,3.052941176470588,-8.413725490196079,5.0
MarShawn Lloyd,RB,2.3,-8.458823529411767,
Nelson Agholor,WR,3.006666666666667,-8.46,
Parris Campbell,WR,3.0,-8.466666666666667,
Dante Pettis,WR,3.0,-8.466666666666667,
Trey Palmer,WR,2.92,-8.546666666666667,
Blake Corum,RB,2.142857142857143,-8.615966386554623,164.0
Derius Davis,WR,2.85,-8.616666666666667,
Jahan Dotson,WR,2.825,-8.641666666666666,
Rakim Jarrett,WR,2.816666666666667,-8.65,
Jaylen Wright,RB,2.0923076923076924,-8.666515837104074,184.0
Anthony Gould,WR,2.8000000000000003,-8.666666666666666,
Deuce Vaughn,RB,2.06,-8.698823529411765,
Carson Steele,RB,2.0333333333333337,-8.725490196078432,
Simi Fehoko,WR,2.72,-8.746666666666666,
Jonathon Brooks,RB,2.0000000000000004,-8.758823529411766,
Kevin Austin,WR,2.6875,-8.779166666666667,
DeeJay Dallas,RB,1.9285714285714286,-8.830252100840337,
Adonai Mitchell,WR,2.603529411764706,-8.863137254901961,51.0
Robert Woods,WR,2.576923076923077,-8.88974358974359,
Jermar Jefferson,RB,1.8499999999999999,-8.908823529411766,
K.J. Osborn,WR,2.5333333333333337,-8.933333333333334,
River Cracraft,WR,2.5250000000000004,-8.941666666666666,
D.J. Chark,WR,2.52,-8.946666666666667,
J.J. Taylor,RB,1.8,-8.958823529411765,17.0
Bryce Oliver,WR,2.5,-8.966666666666667,
Jalen Brooks,WR,2.475,-8.991666666666667,
Julius Chestnut,RB,1.7571428571428573,-9.001680672268908,
Dalvin Cook,RB,1.75,-9.008823529411766,45.0
Sione Vaki,RB,1.65,-9.108823529411765,
Terrell Jennings,RB,1.65,-9.108823529411765,
Cooper Rush,QB,9.88,-9.110666666666665,
Scott Miller,WR,2.35,-9.116666666666667,
Ben Skowronek,WR,2.35,-9.116666666666667,
DeAndre Carter,WR,2.34,-9.126666666666667,151.0
Eric Gray,RB,1.6300000000000001,-9.128823529411765,7.0
Jase McClellan,RB,1.6,-9.158823529411766,
Anthony Miller,WR,2.3000000000000003,-9.166666666666666,
Britain Covey,WR,2.3000000000000003,-9.166666666666666,
Trent Sherfield,WR,2.2333333333333334,-9.233333333333334,
Ryan Flournoy,WR,2.1714285714285717,-9.295238095238094,
Jake Bobo,WR,2.109090909090909,-9.357575757575757,94.0
Cody Schrader,RB,1.4000000000000001,-9.358823529411765,
Zay Jones,WR,2.066666666666667,-9.4,60.0
Ja'Lynn Polk,WR,2.0538461538461537,-9.412820512820513,
Ashton Dulin,WR,2.022222222222222,-9.444444444444445,
Jeffery Wilson,RB,1.3000000000000003,-9.458823529411765,
Mike Woods,WR,2.0,-9.466666666666667,
Luke McCaffrey,WR,1.9846153846153847,-9.482051282051282,
D'Wayne Eskridge,WR,1.9666666666666668,-9.5,
Travis Homer,RB,1.225,-9.533823529411766,110.0
Xavier Gipson,WR,1.9142857142857144,-9.552380952380952,58.0
Velus Jones,RB,1.2000000000000002,-9.558823529411764,71.0
Michael Penix,QB,9.42,-9.570666666666666,146.0
Jalen Reagor,WR,1.885714285714286,-9.58095238095238,105.0
Mason Tipton,WR,1.8777777777777775,-9.588888888888889,
Tim Jones,WR,1.8666666666666665,-9.6,
Jonathan Mingo,WR,1.8357142857142856,-9.630952380952381,
Jonathan Ward,RB,1.1,-9.658823529411766,17.0
Tyreik McAllister,RB,1.1,-9.658823529411766,
Xavier Hutchinson,WR,1.8,-9.666666666666666,58.0
James Proche,WR,1.7999999999999998,-9.666666666666668,
Mike Boone,RB,1.08,-9.678823529411765,
Xavier Smith,WR,1.7333333333333334,-9.733333333333334,58.0
Dan Chisena,WR,1.7333333333333334,-9.733333333333334,
Bo Melton,WR,1.7166666666666668,-9.75,
Tyquan Thornton,WR,1.675,-9.791666666666666,
Marcus Mariota,QB,9.172,-9.818666666666665,
Isaiah Williams,WR,1.6,-9.866666666666667,178.0
Trent Taylor,WR,1.6,-9.866666666666667,
Tanner Conner,WR,1.55,-9.916666666666666,
Chris Conley,WR,1.5142857142857145,-9.952380952380953,79.0
Brandon Powell,WR,1.5142857142857142,-9.952380952380953,163.0
Tyrod Taylor,QB,9.03,-9.960666666666667,
Rasheen Ali,RB,0.775,-9.983823529411765,
Bailey Zappe,QB,9.0,-9.990666666666666,
Myles Gaskin,RB,0.75,-10.008823529411766,
Malik Willis,QB,8.966666666666667,-10.024,
Tyrion Davis-Price,RB,0.7000000000000001,-10.058823529411766,
George Holani,RB,0.7,-10.058823529411766,
Brandon Johnson,WR,1.4,-10.066666666666666,163.0
Kendric Pryor,WR,1.4,-10.066666666666666,
Devin Duvernay,WR,1.37,-10.096666666666668,
Chris Collier,RB,0.6500000000000001,-10.108823529411765,
Mason Kinsey,WR,1.35,-10.116666666666667,
Aaron Shampklin,RB,0.5666666666666668,-10.1921568627451,71.0
Odell Beckham,WR,1.25,-10.216666666666667,
Johnny Wilson,WR,1.23,-10.236666666666666,36.0
Deven Thompkins,WR,1.175,-10.291666666666666,151.0
Malachi Corley,WR,1.1400000000000001,-10.326666666666666,
Terrace Marshall,WR,1.12,-10.346666666666668,
Ke'Shawn Vaughn,RB,0.4,-10.358823529411765,
Chris Blair,WR,1.1,-10.366666666666667,79.0
Treylon Burks,WR,1.1,-10.366666666666667,
John Ross,WR,1.1,-10.366666666666667,
Isaiah Hodgins,WR,1.1,-10.366666666666667,
Jaelon Darden,WR,1.1,-10.366666666666667,
Ronnie Bell,WR,1.0666666666666667,-10.4,
Grant DuBose,WR,1.05,-10.416666666666666,
Laviska Shenault Jr.,WR,1.0333333333333334,-10.433333333333334,
Jalin Hyatt,WR,1.02,-10.446666666666667,
Darrynton Evans,RB,0.30000000000000004,-10.458823529411765,
Tyler Scott,WR,1.0,-10.466666666666667,
Robbie Chosen,WR,1.0,-10.466666666666667,
Casey Washington,WR,0.9500000000000001,-10.516666666666667,
British Brooks,RB,0.2,-10.558823529411766,
Joshua Kelley,RB,0.2,-10.558823529411766,
Steven Sims,WR,0.7999999999999999,-10.666666666666666,
Allen Robinson,WR,0.75,-10.716666666666667,
Trenton Irwin,WR,0.75,-10.716666666666667,
Dylan Laube,RB,0.0,-10.758823529411766,177.0
Kene Nwangwu,RB,0.0,-10.758823529411766,
Jamari Thrash,WR,0.6166666666666667,-10.85,1.0
Ramel Keyton,WR,0.6000000000000001,-10.866666666666667,
Collin Johnson,WR,0.55,-10.916666666666666,
Charlie Jones,WR,0.5,-10.966666666666667,
Javon Baker,WR,0.42500000000000004,-11.041666666666666,
Jha'Quan Jackson,WR,0.4,-11.066666666666666,
Kameron Johnson,WR,0.3666666666666667,-11.1,
Brycen Tremayne,WR,0.3,-11.166666666666666,
Skyy Moore,WR,0.0,-11.466666666666667,52.0
Xavier Weaver,WR,0.0,-11.466666666666667,58.0
Tom Kennedy,WR,0.0,-11.466666666666667,
Irvin Charles,WR,0.0,-11.466666666666667,
Justyn Ross,WR,0.0,-11.466666666666667,
Erik Ezukanma,WR,0.0,-11.466666666666667,
Jared Wayne,WR,0.0,-11.466666666666667,
Braxton Berrios,WR,0.0,-11.466666666666667,
Bryce Ford-Wheaton,WR,0.0,-11.466666666666667,
Dareke Young,WR,0.0,-11.466666666666667,
Ihmir Smith-Marsette,WR,0.0,-11.466666666666667,
Jermaine Jackson,WR,-0.1,-11.566666666666666,
Kadarius Toney,WR,-0.2,-11.666666666666666,
Tommy DeVito,QB,6.740000000000001,-12.250666666666664,
Jacoby Brissett,QB,6.605714285714286,-12.384952380952381,
Desmond Ridder,QB,5.5840000000000005,-13.406666666666666,
Tim Boyle,QB,4.98,-14.010666666666665,
Dorian Thompson-Robinson,QB,3.966666666666667,-15.024,
Skylar Thompson,QB,3.9400000000000004,-15.050666666666665,
Kenny Pickett,QB,3.634285714285714,-15.356380952380952,
Brandon Allen,QB,3.4533333333333336,-15.537333333333333,23.0
Trey Lance,QB,3.4349999999999996,-15.555666666666667,173.0
Davis Mills,QB,2.3950000000000005,-16.595666666666666,
Carson Wentz,QB,2.36,-16.630666666666666,
Jake Haener,QB,1.78,-17.210666666666665,
Mitchell Trubisky,QB,1.6622222222222218,-17.328444444444443,
Mike White,QB,1.12,-17.870666666666665,
Hendon Hooker,QB,0.8933333333333334,-18.09733333333333,
Taylor Heinicke,QB,0.78,-18.210666666666665,
Kyle Allen,QB,0.76,-18.230666666666664,23.0
Chris Oladokun,QB,0.5,-18.490666666666666,
Nick Mullens,QB,0.33,-18.660666666666668,
Jarrett Stidham,QB,0.25,-18.740666666666666,
Josh Johnson,QB,0.195,-18.795666666666666,
Sam Howell,QB,0.15999999999999998,-18.830666666666666,
Teddy Bridgewater,QB,0.12,-18.870666666666665,
Clayton Tune,QB,-0.016000000000000014,-19.006666666666668,
Tyson Bagent,QB,-0.06500000000000002,-19.055666666666667,
Kyle Trask,QB,-0.06666666666666667,-19.057333333333332,
Jake Browning,QB,-0.1,-19.090666666666667,39.0
