player_name,position,team,vorp,proj_ppg,adp_rank,bye_week,injury_risk_score,durability_score,risk_sigma,is_rookie,historical_injuries,games_missed_injury,season_ending_injuries,avg_recovery_time,has_recurring_injuries,position_injury_risk,age_adjusted_risk,usage_adjusted_risk,games_played_pct_adj
Player_001,WR,Team_1,0.6301152754621135,8.630115275462114,7,14,0.047905007620431324,0.9600781736011391,0.10015575316820287,False,0,0,0,0.14368172210609326,False,0.25,0.05698311231655992,0.04757487199324089,0.9361433422138612
Player_002,QB,Team_2,26.532522686809457,41.53252268680946,10,12,0.4615888860403111,0.6331550960643528,0.18803049874792027,False,0,0,0,1.990653502099495,False,0.15,0.46529415625651077,0.5163721529678207,0.5602749455650752
Player_003,DEF,Team_3,6.709627453118243,12.709627453118243,1,5,0.05665133410249495,0.9519410130605865,0.15925470114081647,False,0,0,0,0.1685041581878181,False,0.1,0.04564012357829042,0.05549207567935674,1.0364071059746154
Player_004,WR,Team_4,10.301080575889117,18.301080575889117,17,12,0.35023929784009006,0.6311948044935282,0.24592123566761281,False,0,0,0,1.6825234040141948,False,0.25,0.38820063977808794,0.38439401723495814,0.5
Player_005,QB,Team_5,18.232974677040822,33.23297467704082,6,7,0.29217071416857965,0.7502235928105138,0.14061224494695387,False,0,0,0,0.6112802068932749,False,0.15,0.3369640209585972,0.3008592893213753,0.67506676750362
Player_006,DEF,Team_6,0.958622974522485,6.958622974522485,1,9,0.23033842220022982,0.7275970455232342,0.2885819407825038,False,0,0,0,0.8030156036435986,False,0.1,0.2105146217816396,0.21070317248157724,0.7756845987938729
Player_007,QB,Team_7,42.253120278067264,57.253120278067264,3,5,0.16809575196967907,0.6379131261699966,0.4848272280307022,True,0,0,0,0.5952260296011899,False,0.15,0.19219118907772614,0.17320309968516084,0.9037170760127919
Player_008,TE,Team_8,0.14612967106382957,6.14612967106383,16,11,0.02439167138476815,0.9434021769946643,0.15158832554303112,False,0,0,0,0.13381463103093427,False,0.2,0.025690298187425478,0.025260305547453947,1.1055480100416806
Player_009,K,Team_9,0.5582538811153164,7.558253881115316,21,14,0.37804549020830197,0.7322232563379693,0.28802668849155566,False,0,0,0,0.4122120387019164,False,0.05,0.32947763967382315,0.3956576897129389,0.7086774596893425
Player_010,RB,Team_10,12.623002555725982,20.623002555725982,55,9,0.29276863789352914,0.7413465595881352,0.2589622607083297,False,0,0,0,0.7037753484433172,True,0.35,0.3098045282631235,0.2842327550507359,0.6848850835738858
Player_011,QB,Team_11,17.05406201388999,32.05406201388999,20,6,0.2720633693945783,0.6804108957653741,0.19705597485526313,False,0,0,0,1.1850312020669687,False,0.15,0.24531014301307638,0.27699213342942614,0.8162203966563607
Player_012,RB,Team_12,3.281271001230568,11.281271001230568,1,13,0.28556791711920904,1.0,0.24039337545154066,False,0,0,0,0.33688771844252885,False,0.35,0.2904390929231099,0.28974192082288985,0.6729789023418018
Player_013,QB,Team_13,10.998931297382107,25.998931297382107,1,4,0.14008653099938956,0.8447898724513876,0.23990244215343876,False,0,0,0,0.16885156080324448,False,0.15,0.13636139129710478,0.16777001900879593,0.7866442488702261
Player_014,QB,Team_14,6.147132882124513,21.147132882124513,6,13,0.25848404461360847,0.5802932246689392,0.15598677938918856,False,0,0,0,1.2379396837512164,True,0.15,0.21878840592577042,0.23739201974132546,0.7177767592657246
Player_015,QB,Team_15,32.20282049183902,47.20282049183902,1,8,0.14768125134472784,0.9846451293703958,0.22517198314284728,False,0,0,0,0.1672573689226048,False,0.15,0.1736867525180996,0.16690782489237038,1.0109204302698074
Player_016,WR,Team_16,0.23063932820374156,8.230639328203742,12,4,0.4308159946590686,0.48237558280048265,0.10779262646204674,False,0,1,0,1.499320340956899,False,0.25,0.40468038801672157,0.5491435972680798,0.5601761420229107
Player_017,DEF,Team_17,1.7379227357618339,7.737922735761834,50,6,0.09441120285046876,1.0,0.12062477376718653,False,0,0,0,0.2451451259078174,False,0.1,0.1114281479526258,0.10662566687652268,0.8616370096021035
Player_018,WR,Team_18,-1.1819329144926742,6.818067085507326,9,14,0.1945500667794992,0.8379017648579562,0.29373038879482694,False,0,0,0,0.6938882687733468,False,0.25,0.20087725651990143,0.24226452293871686,0.9729792581873228
Player_019,K,Team_19,3.13922658206884,10.13922658206884,15,7,0.17585352090409176,0.9099124414161102,0.5463125521454295,True,0,0,0,0.27919054237607704,False,0.05,0.1931606642317905,0.19930314934480559,0.8081526260995655
Player_020,DEF,Team_20,0.025797463982130786,6.025797463982131,3,9,0.5020354141443969,0.4712245220672652,0.28382314305573186,False,0,0,0,1.046264662221526,False,0.1,0.6016053780278593,0.5917842963492361,0.5
Player_021,WR,Team_21,8.011438892348558,16.011438892348558,25,11,0.15607788631237673,0.7230098747315247,0.1531875849928478,False,0,0,0,0.3744023706437093,False,0.25,0.16249467787133853,0.15738629613071747,1.0028365269078785
Player_022,RB,Team_22,19.85127503786414,27.85127503786414,1,13,0.4983396089487093,0.33034693814220295,0.2684237846271417,False,0,0,0,2.9893341807713285,False,0.35,0.5093891347460587,0.6017924031608521,0.6370476284678319
Player_023,DEF,Team_23,1.8763471982560693,7.876347198256069,35,4,0.23739477340650603,0.6091938095199317,0.6357865977963998,True,0,0,0,0.2715590580136956,False,0.1,0.24881911687938368,0.28051323886906365,0.8903729087833449
Player_024,RB,Team_24,13.511522791649437,21.511522791649437,1,14,0.34902898578432706,0.6246468429584769,0.23952837429869267,False,0,0,0,1.4324248777992648,False,0.35,0.3084202717900248,0.39505193870134336,0.7044519432237997
Player_025,RB,Team_25,-1.8672748517092588,6.132725148290741,65,14,0.4284332791336106,0.5652988111390722,0.13446397424032597,False,0,0,0,1.0252201415656423,True,0.35,0.3579478702688866,0.4062637199549576,0.6670809529165131
Player_026,WR,Team_26,2.7984905729411054,10.798490572941105,2,14,0.15124471849329232,0.8375224765376247,0.24965193807673167,False,0,0,0,0.6187835628794642,False,0.25,0.14897814796860698,0.18134065929194595,0.8266583215533854
Player_027,QB,Team_27,18.563133237391092,33.56313323739109,7,14,0.12637554783582539,0.7925738674662527,0.10401423955554528,False,0,0,0,0.6890799126670859,False,0.15,0.13542920931604607,0.15363077209835455,0.7831702637854675
Player_028,WR,Team_28,6.130226679000916,14.130226679000916,10,11,0.29712405752073423,0.7254756698886687,0.19964953956978804,False,0,0,0,0.8399055610428704,False,0.25,0.33881858726026554,0.2778570628123514,0.7868506862690372
Player_029,TE,Team_29,3.7044861155136246,9.704486115513625,47,9,0.2247071697553236,0.8038908468635048,0.2677165117405249,False,0,0,0,1.0193055355455731,False,0.2,0.18761162748547083,0.2477265278339835,0.9536041137821821
Player_030,DEF,Team_30,6.7104489370826546,12.710448937082655,1,11,0.13363846712534477,0.7940276246295318,0.16977365330859906,False,0,0,0,0.6288496047556633,False,0.1,0.15191105662346763,0.12774620687633179,1.1097463407148969
Player_031,TE,Team_31,1.339291105578499,7.339291105578499,22,8,0.5261261746936157,0.6448030747793465,0.2427564909710652,False,1,1,0,1.9252468810462475,True,0.2,0.4690994408888818,0.5877564497154938,0.5563638439192578
Player_032,WR,Team_32,14.966553749709735,22.966553749709735,14,7,0.23379524871902416,0.7174652488888611,0.14969782796289316,False,0,0,0,1.2232778690933226,False,0.25,0.22418975133900665,0.2849772711851042,0.8065868071489064
Player_033,RB,Team_1,10.931395755711684,18.931395755711684,14,6,0.18417297086710416,0.637955004242468,0.289456667922363,False,0,0,0,0.8256942303192191,False,0.35,0.19944007285108017,0.17699310126309142,0.9654314602818141
Player_034,WR,Team_2,-0.07519955825261349,7.9248004417473865,71,11,0.25537047579657707,0.6972869049333733,0.14547912417542253,False,0,0,0,0.40127294971263316,False,0.25,0.2925031960081842,0.3241121456311986,0.8398178260062783
Player_035,WR,Team_3,11.617304718336019,19.61730471833602,34,14,0.1202828887275358,0.9601610222835507,0.21611767005560867,False,0,0,0,0.36964382541758395,False,0.25,0.14418907686608126,0.13241678647366084,0.8639957219360191
Player_036,WR,Team_4,5.748939089050724,13.748939089050724,35,6,0.4484267268694247,0.5818838397406332,0.24281183995796565,False,0,1,0,0.6177153583604719,False,0.25,0.40758435326861875,0.5645567666897497,0.6682233561230859
Player_037,WR,Team_5,15.038264516651147,23.038264516651147,1,10,0.2904628940550524,0.6744689531570688,0.24445338637113181,False,0,0,0,0.4146481707469751,False,0.25,0.23545296353318126,0.2824967092736752,0.6866155007895883
Player_038,WR,Team_6,12.325031180157275,20.325031180157275,34,7,0.4768086191018898,0.4756383264816752,0.1725515789331891,False,0,0,0,2.825966756392501,False,0.25,0.416178996637558,0.521586358716271,0.6247600754044585
Player_039,WR,Team_7,11.8623745829635,19.8623745829635,60,12,0.3071017670062408,0.638922264962823,0.7571494032802495,True,0,0,0,1.5811776373933761,False,0.25,0.24703214896927955,0.2932067178543741,0.615067760453528
Player_040,DEF,Team_8,4.048828815029021,10.04882881502902,59,12,0.2687146603467678,0.8767781204857988,0.13687418413579264,False,0,0,0,1.4987743945283531,False,0.1,0.28058160138506427,0.34388025572659325,0.7832725622882305
Player_041,RB,Team_9,4.988497731009106,12.988497731009106,46,6,0.05797497186510903,0.8761481455567554,0.2541824407491644,False,0,0,0,0.20160544744741002,False,0.35,0.056463618580780195,0.05789153505641528,0.991998790146102
Player_042,WR,Team_10,9.195917015045957,17.195917015045957,6,14,0.6058157913459818,0.37155968675315054,0.24644497728191223,False,1,1,0,3.5975401706039727,False,0.25,0.4942067870485696,0.7162136448080515,0.5
Player_043,QB,Team_11,11.45632543963184,26.45632543963184,51,5,0.18404519140214515,0.895119723390134,0.2044869152142338,False,0,0,0,0.5562632014325399,False,0.15,0.20642339194441878,0.20527675440126353,0.9389709399435695
Player_044,WR,Team_12,11.580076818687452,19.580076818687452,39,6,0.34154356001799296,0.6631581612943815,0.17014236309034203,False,0,1,0,1.6011259854726678,False,0.25,0.2883275367698852,0.3558367696889508,0.5578448506736574
Player_045,RB,Team_13,0.8348040370421401,8.83480403704214,6,11,0.0831445968770725,0.7636026689311953,0.2201596892884396,False,0,0,0,0.10266086085359805,False,0.35,0.06773730235359786,0.10666687723662838,0.9637117524600797
Player_046,WR,Team_14,9.016358769911058,17.016358769911058,96,4,0.21740919372234999,0.7255161769027023,0.26316662499812354,False,0,0,0,0.8479895673997203,True,0.25,0.2502345784448355,0.21876583079484793,0.8369407165565842
Player_047,WR,Team_15,13.740462288732676,21.740462288732676,12,11,0.09724690100337184,0.8396538860092334,0.7472399654840337,True,0,0,0,0.35070165088134936,False,0.25,0.08733882395181504,0.09364256752619336,0.8563024064463793
Player_048,RB,Team_16,1.1890590506062821,9.189059050606282,54,10,0.17618124180115619,0.8794244229817295,0.70997345870405,True,0,0,0,0.842706419311385,False,0.35,0.1545555486071665,0.16448972946905735,0.8890722275747918
Player_049,RB,Team_17,-1.3829456164455198,6.61705438355448,41,10,0.17430624814856652,0.8535959044284673,0.12050194559813586,False,0,0,0,0.47575413792670074,False,0.35,0.1426342474374708,0.21764134765523194,0.7698015671242746
Player_050,TE,Team_18,4.607843547256028,10.607843547256028,81,13,0.2634292922366957,0.6140772027444091,0.727104887230783,True,0,0,0,1.226619073120491,False,0.2,0.3010849386901226,0.33871954115620395,0.702201872969526
Player_051,RB,Team_19,18.362454871475148,26.362454871475148,69,6,0.5537322994777931,0.5906441609295329,0.29363868558294437,False,0,3,0,3.103248280678579,False,0.35,0.6194132098830546,0.6050128611112133,0.5
Player_052,RB,Team_20,21.182724991387836,29.182724991387836,54,8,0.14880514131515554,0.8471090653252435,0.23609132527186505,False,0,0,0,0.5735727666870523,True,0.35,0.1477549568605451,0.14644506676980434,0.9695362836387631
Player_053,DEF,Team_21,1.377335460151099,7.377335460151099,73,4,0.4407805231453561,0.44848752552001275,0.23863878816453618,False,0,0,0,1.7997169739811802,False,0.1,0.4053128338420318,0.5615899689884936,0.5738442776365295
Player_054,TE,Team_22,5.307023367051826,11.307023367051826,96,7,0.24123178543379162,0.9086246984527163,0.1877214432979077,False,0,0,0,1.1389506247061179,False,0.2,0.23483000853630803,0.22132163874791078,0.6276461135486968
Player_055,WR,Team_23,14.811189065669538,22.811189065669538,51,9,0.17321512271805484,0.6599264698941862,0.2485413042399962,False,0,0,0,0.5530892410228347,False,0.25,0.17229146633922215,0.21640965579389562,0.8095221472878632
Player_056,RB,Team_24,11.980102699425078,19.98010269942508,85,4,0.4168670056078366,0.609200370974554,0.2942790188083279,False,0,0,0,1.4899188494459354,False,0.35,0.4323662628503875,0.4024473878910193,0.620560999949894
Player_057,RB,Team_25,5.165328562211721,13.165328562211721,79,11,0.2214100722088443,0.7025750005653635,0.1661778725978344,False,0,0,0,1.2715396176776628,False,0.35,0.20894475138196233,0.23286659010306754,0.6149174286612216
Player_058,WR,Team_26,14.880245754566499,22.8802457545665,48,9,0.5661179123406512,0.37878727621280606,0.2873211384589923,False,0,0,0,3.209534788890584,False,0.25,0.5677562142569939,0.5189201771768422,0.5
Player_059,K,Team_27,3.6436160031387086,10.643616003138709,16,9,0.7564098693751851,0.30801694657574513,0.11878014315788368,False,0,1,1,2.63674936087645,False,0.05,0.8680272178237459,0.8534148200053804,0.5
Player_060,RB,Team_28,14.70277245926638,22.70277245926638,92,13,0.09648072972691354,0.7923567374992138,0.2986673874717257,False,0,0,0,0.46561159469046337,False,0.35,0.09409465887272384,0.12161880892636771,0.8670990219242927
Player_061,K,Team_29,4.679616815894111,11.67961681589411,80,8,0.16268389813881443,0.6729420303023798,0.18973872452450613,False,0,0,0,0.6535407456271491,False,0.05,0.17045956025033432,0.17657671544877276,0.9354926505603449
Player_062,WR,Team_30,3.891348860177482,11.891348860177482,34,8,0.21599618775555157,0.7306934197579971,0.24309818141985487,False,0,0,0,0.6264694127230499,False,0.25,0.2141976505229258,0.21120611142165144,0.8230440466360751
Player_063,WR,Team_31,0.6361901368431511,8.636190136843151,64,11,0.24677518208313906,0.8305331368346136,0.12437721866738952,False,0,0,0,1.1216502837927511,True,0.25,0.2534195761852762,0.24742299494028958,0.7512610380241928
Player_064,TE,Team_32,5.459544182297556,11.459544182297556,66,14,0.1832326807725526,1.0,0.22932118268457202,False,0,0,0,0.8538258754566178,False,0.2,0.19579692147200994,0.22424235174561377,0.759991812910028
Player_065,WR,Team_1,8.468527248543822,16.468527248543822,75,4,0.13681875984540642,1.0,0.17818119918110292,False,0,0,0,0.413410722016665,False,0.25,0.14872734242239963,0.16103218605939634,0.8934497750541921
Player_066,WR,Team_2,2.886767013756934,10.886767013756934,43,12,0.10311871194173905,0.8753880374597217,0.620084111914083,True,0,0,0,0.2012489854636913,False,0.25,0.09810617006946283,0.10777737907532159,0.8956534603470292
Player_067,RB,Team_3,6.351641030770706,14.351641030770706,93,10,0.38155941415020356,0.5280498217033175,0.2329823448974436,False,0,0,0,1.9879880666363694,False,0.35,0.4004215272348767,0.35700597917704596,0.5656936534884108
Player_068,TE,Team_4,4.5356492181902475,10.535649218190247,46,5,0.2338321543852573,0.6942996530704147,0.15594070769429585,False,0,0,0,0.6981980003971324,False,0.2,0.24579968898267043,0.27351850365185454,0.9435890960285448
Player_069,RB,Team_5,7.2911607248825625,15.291160724882563,58,6,0.5425513531489868,0.5887554984098846,0.2644961127268722,False,0,2,0,1.62402717899069,True,0.35,0.5138036017764301,0.5030910093158445,0.5
Player_070,DEF,Team_6,5.120713876056183,11.120713876056183,71,5,0.03944218254583656,0.9374877761346156,0.2128882181357765,False,0,0,0,0.09808384301325375,False,0.1,0.03424630226101732,0.036675389395430934,0.8896451789639722
Player_071,RB,Team_7,11.733853189606823,19.733853189606823,101,11,0.6630737798885099,0.42816974503740673,0.1852166767780743,False,0,1,0,2.036066681756754,False,0.35,0.7250352080305746,0.8008087633850556,0.5
Player_072,WR,Team_8,4.680315968357981,12.68031596835798,89,13,0.2868517005112229,0.8164437728116384,0.13977125555505918,False,0,0,0,0.6681509536718794,False,0.25,0.2867752642835411,0.2886897633659451,0.6741886388028979
Player_073,WR,Team_9,9.353621866849494,17.353621866849494,93,13,0.38608407928327143,0.7179063894563362,0.15093412440921022,False,0,1,0,0.5147505378443976,False,0.25,0.3320584075935517,0.4613602464066354,0.815254645469391
Player_074,QB,Team_10,11.479498111438673,26.479498111438673,66,11,0.290180212847843,0.6555598907090494,0.2983176817740548,False,0,0,0,0.4100502686858533,False,0.15,0.3364814632539667,0.35198684834713545,0.6236814169164826
Player_075,QB,Team_11,4.359011347774494,19.359011347774494,94,13,0.15726688060290764,1.0,0.23129572146630054,False,0,0,0,0.49702379840921446,False,0.15,0.16437154293711115,0.2008660306122505,0.7943520062429827
Player_076,RB,Team_12,3.857924154588286,11.857924154588286,49,10,0.37018878902638575,0.4638867491346992,0.29567945576011917,False,0,0,0,1.7642963279853467,False,0.35,0.37604609677186246,0.4409610636553992,0.662060282540896
Player_077,QB,Team_13,5.502060344426958,20.50206034442696,53,9,0.23685734873803727,1.0,0.23777706041001814,False,0,0,0,1.0971963277448056,False,0.15,0.19888230367887183,0.2512103655395522,0.7050903062814905
Player_078,WR,Team_14,9.61454355458578,17.61454355458578,54,12,0.2010132189613479,1.0,0.26653609386940863,False,0,1,0,0.3263590891087846,False,0.25,0.2125405374817641,0.2436601654972447,0.7531730823172786
Player_079,WR,Team_15,3.7264933544291985,11.726493354429198,71,7,0.2009605379428497,0.9065708759930857,0.4127193777318469,True,0,0,0,0.8405080560950129,False,0.25,0.21666887146703226,0.24082509663989615,0.8071957655555868
Player_080,WR,Team_16,15.860076077443626,23.860076077443626,62,7,0.3206752932364568,0.7491496981413248,0.13469601485319144,False,0,0,0,1.5071520509434302,False,0.25,0.28257090626133474,0.36115092424923145,0.7511237377551603
Player_081,WR,Team_17,19.748747220147482,27.748747220147482,69,8,0.0715790198452058,0.9181374281323543,0.10996840555658832,False,0,0,0,0.11858832930650737,False,0.25,0.0836793975499688,0.07793696713569459,0.833014805380162
Player_082,TE,Team_18,0.14143272758099812,6.141432727580998,60,12,0.043140455877824495,0.8821383762073932,0.7532187266722055,True,0,0,0,0.18632140422088936,False,0.2,0.044178729023378265,0.05499238952551946,0.9459046149752552
Player_083,RB,Team_19,2.574601018718621,10.57460101871862,60,11,0.31895380502809395,0.6679059043696822,0.10440703205950085,False,0,0,0,1.1882712169310907,False,0.35,0.28417629362427815,0.3385985368458931,0.8249004434231351
Player_084,WR,Team_20,6.961670225802083,14.961670225802083,95,13,0.2364704496314974,0.9645304792985028,0.20908637388138107,False,0,0,0,0.5422513751817363,False,0.25,0.22041080165130078,0.28440315219214934,0.6189167471124863
Player_085,K,Team_21,2.5846712042163986,9.584671204216399,77,12,0.3051503662875308,0.8536540493194273,0.4718315963045515,True,0,0,0,0.9114557505997439,True,0.05,0.297957625289808,0.29851142618628623,0.8219127397782916
Player_086,RB,Team_22,2.133592689980249,10.133592689980249,63,11,0.18924121234211697,0.6277196744669682,0.1726201473268021,False,0,0,0,0.882465112438802,False,0.35,0.17509823209717287,0.2307677947214934,0.8447705582983475
Player_087,RB,Team_23,2.8489967564010783,10.848996756401078,65,5,0.27415300998547987,0.8244199895825064,0.5798778418191912,True,0,0,0,0.5310507528933932,False,0.35,0.3091418990661666,0.30604180327118674,0.625192733486556
Player_088,WR,Team_24,14.259585843090264,22.259585843090264,45,5,0.17166169358664624,0.9325402547296475,0.3435897339159156,True,0,0,0,0.545459712927696,False,0.25,0.18800863314783742,0.20985270434625725,0.7806380684220579
Player_089,QB,Team_25,16.548705404139536,31.548705404139536,82,11,0.15021472313537773,0.8238947794942145,0.1558552176908821,False,0,0,0,0.37850084568722653,False,0.15,0.17655065791623406,0.18754034686081777,0.9221463355875097
Player_090,WR,Team_26,10.220502516119268,18.220502516119268,95,10,0.5653107946478713,0.2918861220420522,0.12576974240005095,False,0,0,0,0.6421224443522903,False,0.25,0.4810690753512409,0.6688052552314777,0.5190306362917287
Player_091,DEF,Team_27,4.978033018934511,10.97803301893451,131,12,0.36779681109376144,0.8160215565857507,0.10248080725546296,False,0,0,0,2.028206311014411,False,0.1,0.39248402204466987,0.4182911306873974,0.6217582670524914
Player_092,TE,Team_28,2.3742429395543923,8.374242939554392,93,8,0.4469192435584461,0.4009279911023226,0.10652913550913373,False,0,0,0,0.6306188372045982,False,0.2,0.44056105509368515,0.42681212776761057,0.5
Player_093,RB,Team_29,3.1901297925422973,11.190129792542297,121,6,0.3178391031175145,0.6851770541359979,0.2304448519090945,False,0,0,0,0.8928944161406128,False,0.35,0.2600748650255786,0.3038572462382374,0.6601414341816897
Player_094,RB,Team_30,-1.6971070974729843,6.302892902527016,76,9,0.2033390504351801,0.8742054966411292,0.14370196687082606,False,0,0,0,1.0978912570750476,False,0.35,0.16508432367057743,0.23794086685060506,0.7902539195519702
Player_095,DEF,Team_31,1.5371642065515712,7.537164206551571,124,11,0.12194123462272001,1.0,0.2910121022969978,False,0,0,0,0.15823381187749366,False,0.1,0.131042436390494,0.11533141673436625,0.7948293770654627
Player_096,WR,Team_32,-1.9184488247236322,6.081551175276368,126,4,0.12783982991024184,0.7909196701907817,0.22929001802492138,False,0,0,0,0.2376852330261875,False,0.25,0.14016263072890564,0.14215745737713104,0.9280371485458208
Player_097,WR,Team_1,12.269292319655882,20.269292319655882,93,8,0.35131577093441857,0.7219491651384897,0.26912087259798134,False,0,0,0,1.753733795074862,False,0.25,0.40156268625945324,0.4449955596590593,0.5
Player_098,WR,Team_2,2.1924468075533934,10.192446807553393,129,4,0.5431679258105625,0.46125801279647044,0.6809534100662077,True,0,1,0,2.693353181036494,False,0.25,0.45653479576415823,0.672906733025183,0.5790444044267429
Player_099,WR,Team_3,6.337847911292972,14.337847911292972,99,7,0.5580451481953018,0.29685752556058936,0.5439255985962033,True,0,1,0,1.7972617257514136,False,0.25,0.5681750340015165,0.5219288465207703,0.5
Player_100,QB,Team_4,13.211858680830066,28.211858680830066,152,9,0.06266295764055307,1.0,0.1354341850543731,False,0,0,0,0.2453205996498262,False,0.15,0.0539032148548814,0.07686882384238104,1.0004426941615976
Player_101,TE,Team_5,0.8704958335127646,6.870495833512765,122,6,0.20706422330588564,0.7823409412637007,0.1455499472206419,False,0,0,0,1.029327293216113,False,0.2,0.23829701061568423,0.2645487381457043,0.7804739970751013
Player_102,DEF,Team_6,0.41231698170959685,6.412316981709597,107,13,0.2060988628454073,0.8895845102702025,0.2837469421212755,False,0,0,0,0.8155401658257181,False,0.1,0.20416016370090098,0.2676088994308273,0.6554364750851325
Player_103,RB,Team_7,12.66380993677766,20.66380993677766,120,9,0.2922566602752434,0.8178589159494852,0.17174310508340268,False,0,0,0,1.5028850132630907,False,0.35,0.2354788223169498,0.3492899067331968,0.7592476070523754
Player_104,RB,Team_8,10.600128011126166,18.600128011126166,117,4,0.5368355302362698,0.48434617766117793,0.5037715155162155,True,0,0,1,3.1005344239520967,False,0.35,0.4937954240149981,0.4996568943870186,0.6086665920400466
Player_105,TE,Team_9,3.01195428619401,9.01195428619401,101,5,0.1194071922083886,0.8612101939143311,0.14520579956319996,False,0,0,0,0.3876851472909754,False,0.2,0.12536722848382836,0.11089469198355026,0.7700574760363322
Player_106,TE,Team_10,6.682376601931404,12.682376601931404,110,7,0.5601879404817066,0.5288036927748102,0.12676567259993862,False,0,1,0,0.6914173112102832,True,0.2,0.6065662333760888,0.5182163344439081,0.5223218859850569
Player_107,RB,Team_11,1.4980727229234798,9.49807272292348,80,14,0.10756917352936778,0.907570595259953,0.17546273228126472,False,0,0,0,0.607857783495495,False,0.35,0.11513549223103597,0.10279808693245128,0.9474403321734016
Player_108,RB,Team_12,3.7149887681012146,11.714988768101215,115,12,0.139398088808906,0.8321336076238356,0.48002523295048916,True,0,0,0,0.3971543943129617,True,0.35,0.15431745522591767,0.14868224864315133,0.893276387651326
Player_109,RB,Team_13,7.558921957239663,15.558921957239663,129,4,0.2001684564194251,0.7833898995344368,0.2949183622670659,False,0,0,0,0.8675968068196986,False,0.35,0.2227486861314808,0.2236927120330933,0.8296692888406929
Player_110,RB,Team_14,2.4401525900565915,10.440152590056591,120,13,0.4921774108391449,0.6273562009611366,0.2449712998630034,False,0,1,0,0.8158290112839172,False,0.35,0.5070127017451811,0.4579976475364246,0.5
Player_111,RB,Team_15,-0.1096386983411568,7.890361301658843,86,10,0.16840507346794742,0.6848423999568085,0.2292917483275861,False,0,0,0,0.22372181121132947,False,0.35,0.15133578008073278,0.18417297991663079,0.8140094860888455
Player_112,QB,Team_16,29.020100779587743,44.02010077958774,112,9,0.3698829676840509,0.5703361936674132,0.256264371149461,False,0,1,0,1.008286560180302,False,0.15,0.338887441620574,0.40243093307682387,0.6631235323972112
Player_113,QB,Team_17,16.062542382216634,31.062542382216634,91,5,0.3077948082756596,0.8174264827003221,0.2241817180435416,False,0,0,0,0.5186328100084086,False,0.15,0.3111476369138942,0.3252601071338772,0.6160363711009805
Player_114,WR,Team_18,7.622201436436855,15.622201436436855,124,12,0.18589603422245857,0.8060487765956191,0.10260591355141675,False,0,0,0,0.9798783578960376,False,0.25,0.17176793094974563,0.18456054438996208,0.9626907933293098
Player_115,DEF,Team_19,2.494545928034116,8.494545928034116,121,8,0.3588031750754589,0.6204490726561539,0.14441517413866412,False,0,0,0,0.4111341941360668,False,0.1,0.3821159107308939,0.3399305046086285,0.5653976026726737
Player_116,DEF,Team_20,0.15992739002030198,6.159927390020302,83,6,0.3170655039257376,0.4989015924508452,0.2804472806924476,False,0,1,0,0.6735901535392661,False,0.1,0.34486072119175465,0.3568032781331613,0.843951649012123
Player_117,WR,Team_21,12.34412945429671,20.34412945429671,107,10,0.17097774059130702,0.6839046904035371,0.1372271795506696,False,0,0,0,0.9752437990857947,False,0.25,0.1647823328770775,0.20933684160202393,0.8278133646240875
Player_118,TE,Team_22,9.475748732284462,15.475748732284462,96,13,0.17747817205117836,0.8593701882825212,0.20934010411135368,False,0,0,0,0.8191755930871762,False,0.2,0.15643482496737177,0.1604466998180827,0.8045707816746704
Player_119,WR,Team_23,2.619546090108411,10.619546090108411,99,7,0.31859852315555415,0.800812417149183,0.13632279355132054,False,0,1,0,1.1859781583214621,False,0.25,0.2762021466633231,0.38622191576006526,0.5832849237304777
Player_120,WR,Team_24,10.08822447752166,18.08822447752166,89,12,0.4100341659752305,0.4693896211792157,0.11964699843781611,False,0,0,0,0.47329814125875036,True,0.25,0.3513452289964075,0.4040301747624571,0.5718652201588081
Player_121,WR,Team_25,10.773512712738103,18.773512712738103,143,4,0.47729428569535726,0.48279053501960656,0.22318238313534422,False,0,1,0,1.5025127308291613,False,0.25,0.47390823808436294,0.4521871474213102,0.5526908094817173
Player_122,DEF,Team_26,4.676686444152887,10.676686444152887,115,7,0.051075062007282644,0.9284101150929306,0.27013605212096925,False,0,0,0,0.15084562722599726,False,0.1,0.049270180873211146,0.06506951523960597,0.9018840487395753
Player_123,WR,Team_27,7.320095773010873,15.320095773010873,141,4,0.363784460856066,0.6206257213502672,0.22834687945971163,False,0,0,0,0.866387450343463,False,0.25,0.4336847342303701,0.33722856579117366,0.5813868094948739
Player_124,WR,Team_28,4.379652329457189,12.379652329457189,105,13,0.07726873403212078,0.9617906565878029,0.226140094231757,False,0,0,0,0.2435412943721131,False,0.25,0.07597130580737599,0.07238829407997828,1.1681216005622364
Player_125,WR,Team_29,16.540199722104212,24.540199722104212,144,14,0.3403241826897958,0.725235960065155,0.2893467457846791,False,0,0,0,1.3401725894166903,False,0.25,0.3648427547727794,0.3618533206638831,0.5060234558158259
Player_126,QB,Team_30,1.332001509153855,16.332001509153855,136,4,0.48227149801720764,0.5823582389231496,0.24856499498126325,False,0,0,0,2.452958980321719,False,0.15,0.4703854308248377,0.6262319103516473,0.5
Player_127,RB,Team_31,23.15240999748646,31.15240999748646,137,11,0.36993580381400953,0.6226514855429861,0.3385725842697909,True,0,0,0,1.4701308304789344,False,0.35,0.3452292522509779,0.4638942165100064,0.6058492736035974
Player_128,WR,Team_32,-1.2545902019248159,6.745409798075184,126,6,0.4027223218223051,0.5787736059116145,0.2168897819514852,False,0,1,0,0.9028704399006428,False,0.25,0.391059698227173,0.4337392725353713,0.5353221106755265
Player_129,WR,Team_1,2.816941221090861,10.816941221090861,146,12,0.4856471678588229,0.6122452328277195,0.504388630614566,True,0,2,0,2.730699458140371,False,0.25,0.4960167426815318,0.4865955880021407,0.5
Player_130,TE,Team_2,1.3240942834570184,7.324094283457018,141,8,0.20213314743821845,0.9043545264908054,0.13877261358737852,False,0,0,0,0.383298271293862,False,0.2,0.18027027750226504,0.19142423840832407,0.5838402646839836
Player_131,RB,Team_3,6.343621213098292,14.343621213098292,165,4,0.27921755272132115,0.7521362440070303,0.12368300783518638,False,0,0,0,0.6528117535435034,False,0.35,0.3070712294826019,0.31517096782143783,0.6326390864328714
Player_132,DEF,Team_4,10.113125673086373,16.113125673086373,121,6,0.32285308163370297,0.7786697275328043,0.20650081328319636,False,0,0,0,0.553437924268303,False,0.1,0.28491811752514923,0.3411729759506548,0.6530238117365619
Player_133,K,Team_5,2.4330413825677955,9.433041382567795,104,4,0.3850271063849917,0.5887172702582657,0.27631269098815137,False,1,0,0,1.4083856408847029,False,0.05,0.43440279117652747,0.4088323553902136,0.6513795964718497
Player_134,WR,Team_6,5.451716568806855,13.451716568806855,130,5,0.2516719879928031,0.8331711002277253,0.11331294558284458,False,0,0,0,0.6558095751024955,False,0.25,0.23662407027268162,0.2640072650337361,0.5236390786087364
Player_135,QB,Team_7,5.980060067741526,20.980060067741526,90,13,0.3741579157117759,0.5868885851601907,0.11907432045461173,False,0,0,0,1.1712470603810718,False,0.15,0.3773117961269821,0.38915461262961326,0.7310400797091573
Player_136,WR,Team_8,10.229782176342368,18.22978217634237,117,12,0.2263688891185086,0.6474662002975649,0.27051699098766857,False,0,0,0,0.43618203948710277,False,0.25,0.2591030716409349,0.28238519633110987,0.9726120213058438
Player_137,TE,Team_9,4.617498348451571,10.617498348451571,169,5,0.48884270406348845,0.6038178467409523,0.28781369589005834,False,0,0,0,1.0234303624575398,False,0.2,0.4428201241116331,0.5693979092487751,0.5
Player_138,TE,Team_10,6.298985066710552,12.298985066710552,153,7,0.297038550094266,0.5329654778374318,0.2776928219845841,False,0,0,0,1.3904803491132771,False,0.2,0.3168536246057302,0.27854224786068554,0.6770222743120083
Player_139,TE,Team_11,5.661047886351717,11.661047886351717,156,14,0.31754411011338207,0.5807875770289682,0.48021341357074304,True,0,0,0,1.5278676527846469,True,0.2,0.36036425100187763,0.36448045745502505,0.6580478425191979
Player_140,WR,Team_12,12.69590626128241,20.69590626128241,146,12,0.35652448855205693,0.6668502290902342,0.2736821575882764,False,0,1,0,1.8914431636799118,False,0.25,0.4192630714039892,0.39274791331464803,0.5362780198205253
Player_141,DEF,Team_13,1.9078657770694871,7.907865777069487,162,11,0.5494654483243985,0.3762861284217631,0.21986042322788754,False,0,2,0,2.6899152079476956,False,0.1,0.5933434665746821,0.6787337831309425,0.5
Player_142,TE,Team_14,3.170432204892519,9.170432204892519,153,5,0.05015787656208411,0.7759355603274725,0.3158718826864943,True,0,0,0,0.23509650948081653,False,0.2,0.05622979473396764,0.06514982310043446,1.061132690176009
Player_143,QB,Team_15,12.509079977859091,27.50907997785909,159,11,0.29151170732817877,0.7814794419601087,0.21037542728423714,False,0,0,0,1.6650907554983285,True,0.15,0.28433547212342347,0.32414717303581075,0.7400224785618866
Player_144,DEF,Team_16,5.177626889510192,11.177626889510192,119,11,0.2574257316261013,0.7046338184753145,0.272931784371628,False,0,0,0,0.6466785513705273,False,0.1,0.28870861010781973,0.2458053784251446,0.7757807932903393
Player_145,WR,Team_17,0.45568365544294664,8.455683655442947,145,10,0.3362740101115349,0.6520493983089404,0.24500121525982374,False,0,1,0,0.6644211470346224,False,0.25,0.3687771061187666,0.368901879772031,0.6001702057480247
Player_146,WR,Team_18,3.400093114178965,11.400093114178965,166,5,0.39988054562319725,0.604412678898244,0.20257941110376187,False,0,1,0,2.107891897666985,False,0.25,0.3849340959129566,0.5043598596377383,0.734587066387016
Player_147,WR,Team_19,18.48883824228592,26.48883824228592,187,9,0.5095468704951628,0.6084256503409082,0.13502462802607065,False,0,1,0,0.511211536583316,False,0.25,0.5691831790526953,0.5864535817042538,0.509863892600173
Player_148,TE,Team_20,2.4706669675443926,8.470666967544393,124,4,0.17670783012587984,0.8934177257917928,0.21798957656036175,False,0,0,0,1.0029689813245286,False,0.2,0.19141853326472227,0.19266015196850425,0.8414530764994711
Player_149,WR,Team_21,0.29111342967937404,8.291113429679374,162,7,0.11099512270858747,0.6805935833415537,0.13213591694236904,False,0,0,0,0.5131295015240117,False,0.25,0.11580429718662566,0.11237367104052541,1.0614745422675234
Player_150,RB,Team_22,15.028978179217976,23.028978179217976,140,14,0.4498694841421855,0.5703326095568152,0.17317716191137608,False,0,0,0,1.3914064684577256,False,0.35,0.41967524684624113,0.4577468618735975,0.5716245328517078
Player_151,QB,Team_23,22.834339751906626,37.834339751906626,185,11,0.44928038171958135,0.46179553545758617,0.29267206408920754,False,0,1,0,0.626610007162303,False,0.15,0.40633789798131575,0.46606310700034326,0.6462496741041939
Player_152,TE,Team_24,5.913394492065018,11.913394492065018,148,12,0.5069481839595481,0.5779529073681072,0.10100531052196063,False,0,1,0,0.7979286529304122,False,0.2,0.5645793055453732,0.5500167125294856,0.5
Player_153,K,Team_25,5.005057977343235,12.005057977343235,133,5,0.5752524381494896,0.3718497910441089,0.26618983421101367,False,0,1,0,1.4379644728636725,False,0.05,0.5600298602791189,0.5555570669136933,0.5
Player_154,RB,Team_26,12.216253551895853,20.216253551895853,156,10,0.32590294062100394,0.7473462696569764,0.16535894117155547,False,0,0,0,1.0819679397555824,True,0.35,0.3885503799682488,0.32130065498432103,0.7029694256614984
Player_155,QB,Team_27,26.942476675883597,41.9424766758836,167,14,0.12881200099088816,0.9046056407336016,0.2967134413027326,False,0,0,0,0.5745087739244195,False,0.15,0.1147210823596787,0.14756549837449603,0.855662094126637
Player_156,RB,Team_28,-1.3304784123785067,6.669521587621493,176,4,0.1648702793053232,0.8634085903430445,0.2825784889473151,False,0,0,0,0.3921912807590483,False,0.35,0.1330012700849722,0.19317515287978096,0.8060586463593549
Player_157,QB,Team_29,31.654625238838193,46.65462523883819,128,13,0.12616114240597417,1.0,0.5088334979084974,True,0,0,0,0.47352274756293544,False,0.15,0.1429983062133576,0.15465695802107074,0.9237474141406201
Player_158,WR,Team_30,-0.16062598190713828,7.839374018092862,143,7,0.6239238329437143,0.25586121444867677,0.2654604299474492,False,0,0,0,1.3457433005297084,False,0.25,0.6816957756717765,0.8006485138643081,0.5
Player_159,RB,Team_31,7.061794912687898,15.061794912687898,172,6,0.2775684362776795,0.6058077743363898,0.23161099677224414,False,0,0,0,0.8795735248422049,False,0.35,0.2828390711612217,0.2802757949718118,0.5108474071989977
Player_160,DEF,Team_32,4.355276934648092,10.355276934648092,154,13,0.21553035589596578,0.8886421105099194,0.1800424551699344,False,0,0,0,0.9262481506001098,False,0.1,0.18280315579751902,0.2748899836067402,0.842824074405223
Player_161,RB,Team_1,0.0648356570439681,8.064835657043968,172,10,0.12287261640695352,0.9160252565282648,0.4965519537797005,True,0,0,0,0.4929953123436722,False,0.35,0.10978977094622967,0.11175056825403155,0.9022747444870977
Player_162,TE,Team_2,5.153924744098154,11.153924744098154,154,13,0.24180509501521405,0.648288622927621,0.1728225550020999,False,0,0,0,0.9262001362893002,False,0.2,0.20620803067232532,0.26726069924489604,0.6769864117904294
Player_163,RB,Team_3,4.629640615719534,12.629640615719534,146,4,0.4235345433786721,0.3779193545795516,0.11670498293600376,False,0,0,0,1.359772548666542,False,0.35,0.405673636862324,0.47096034684213356,0.5154631588714923
Player_164,RB,Team_4,16.079267617255756,24.079267617255756,170,7,0.47507638658854945,0.5170997541771241,0.2169677263377764,False,0,1,0,1.215986291670184,True,0.35,0.4011805630189403,0.5507285071042219,0.5160113004581272
Player_165,K,Team_5,1.3243075135719735,8.324307513571974,172,5,0.13253545112952753,0.7477856842278412,0.7962908977438816,True,0,0,0,0.5429910962049953,False,0.05,0.12869120492146832,0.1367916769799967,0.9568343178093835
Player_166,WR,Team_6,3.6541455487987218,11.654145548798722,174,14,0.19764054015535654,0.6354305251572452,0.19844646303648167,False,0,0,0,0.4820762070486027,True,0.25,0.23430864417639108,0.18855541136555043,0.8183471232460613
Player_167,RB,Team_7,10.347393628178253,18.347393628178253,165,11,0.11469755196758416,0.9925911223317052,0.6670756295208231,True,0,0,0,0.16149341910880066,False,0.35,0.09303587510966287,0.13219467847901362,0.917846133975797
Player_168,WR,Team_8,0.10233983531201218,8.102339835312012,171,12,0.21495037422837185,0.6181896998838087,0.18131810747189445,False,0,0,0,1.18251091226466,False,0.25,0.23011392524379476,0.25189029956307685,0.8909224787600161
Player_169,DEF,Team_9,0.92087731277085,6.92087731277085,154,11,0.34815157340323016,0.6435090644838816,0.2788530236512828,False,0,0,0,1.313152327363589,True,0.1,0.29134698919581,0.4268723110339437,0.5
Player_170,K,Team_10,7.091838863587016,14.091838863587016,174,5,0.03901952045667293,0.8982070889348766,0.29746723171590916,False,0,0,0,0.11758605085330069,False,0.05,0.04186313339504298,0.04003776503862735,0.9321765921511195
Player_171,RB,Team_11,1.3113617154932466,9.311361715493247,177,7,0.3371605055585508,0.7373425507327291,0.10513792897388163,False,0,1,0,1.9613974364884021,True,0.35,0.3342597208878774,0.3824160401373757,0.8067840659567628
Player_172,WR,Team_12,6.8735068451905,14.8735068451905,153,14,0.3799956547644613,0.5107879819637298,0.22272758059787676,False,1,0,0,1.7132831290408173,False,0.25,0.35850638095041776,0.48051806218659243,0.7034794778680269
Player_173,QB,Team_13,7.505574569942738,22.505574569942738,169,9,0.3396861971603711,0.7421265314644473,0.16359651026806699,False,0,0,0,0.44346825802267786,False,0.15,0.2861974825893092,0.3212262862918501,0.5
Player_174,DEF,Team_14,2.7419449013324186,8.741944901332419,195,9,0.6379924799316521,0.3792601983606569,0.13028646287399265,False,0,1,0,1.8876361675753044,True,0.1,0.697801895594104,0.627486258507543,0.5
Player_175,QB,Team_15,36.974266472743366,51.974266472743366,198,6,0.2595451744982999,0.8285262643023484,0.3860430162263132,True,0,0,0,0.9116405860475488,False,0.15,0.2403399084255572,0.3157532897664655,0.9098099045732356
Player_176,DEF,Team_16,0.09534681087099361,6.095346810870994,155,4,0.26001807347848277,0.49074630623122717,0.10209872822798889,False,0,1,0,0.9970299372266548,False,0.1,0.2714981309537035,0.23652390054716058,0.6417579185991986
Player_177,RB,Team_17,4.432219392315002,12.432219392315002,171,9,0.3760135700920075,0.656570515122785,0.2599566728891567,False,0,1,0,0.7905452923795028,False,0.35,0.386783749263199,0.36621291144366597,0.7448212116653488
Player_178,QB,Team_18,25.347524999956164,40.347524999956164,189,13,0.021223068878634246,1.0,0.2196018234657499,False,0,0,0,0.02200133482044698,False,0.15,0.021675465244756408,0.023518975411748428,0.9152477706527568
Player_179,DEF,Team_19,1.4066159773357612,7.406615977335761,163,10,0.4492198859683041,0.5053253421573515,0.12538888275099452,False,0,0,0,2.6717472511079743,False,0.1,0.5298963035894348,0.42991359312987787,0.5289147862881923
Player_180,WR,Team_20,1.8003757003025953,9.800375700302595,182,12,0.2778650973133177,0.8174029439708494,0.7942699935228533,True,0,0,0,0.5133614522201574,True,0.25,0.2909279929108926,0.2731728917762317,0.9051742882994989
Player_181,WR,Team_21,3.8831528075051303,11.88315280750513,165,5,0.353576519739501,0.6576596929530794,0.1979740953435489,False,0,0,0,1.786389177752113,False,0.25,0.38632649107467215,0.3708480560175005,0.6509824506107998
Player_182,WR,Team_22,2.812151901590724,10.812151901590724,223,10,0.16184241733891566,0.8890141703969162,0.12551403491427418,False,0,0,0,0.3591298920935517,False,0.25,0.14234455316036285,0.1660510003929134,1.0012157796940906
Player_183,RB,Team_23,4.630591370126684,12.630591370126684,149,14,0.5323780535426468,0.5363285260432449,0.12663642513350468,False,0,1,0,0.5495854646300935,False,0.35,0.48672684596690197,0.6355759830878005,0.6142760323852136
Player_184,QB,Team_24,16.276973371868007,31.276973371868007,186,6,0.08388043679603392,0.7817324026480384,0.12433906134533446,False,0,0,0,0.22120150196972302,False,0.15,0.07318305903060537,0.10202179911567992,1.00118732695139
Player_185,WR,Team_25,23.7281115828335,31.7281115828335,157,9,0.1489716264181436,0.7021137317919436,0.18006256723459882,False,0,0,0,0.809043521221105,False,0.25,0.15282049543146564,0.17358336013557368,0.8604408003607841
Player_186,WR,Team_26,1.106034808192966,9.106034808192966,206,12,0.34476557145120496,0.6567709061381259,0.2863395947362337,False,0,0,0,0.6065911864570777,False,0.25,0.28332366433901046,0.3354511145666536,0.5974077698090523
Player_187,DEF,Team_27,12.987950522776181,18.98795052277618,166,6,0.34239373355680214,0.607469339276416,0.13972632277237382,False,0,1,0,0.9231631163247417,True,0.1,0.3405001118798114,0.32308459174825144,0.5158002742463041
Player_188,RB,Team_28,12.902190527964276,20.902190527964276,176,10,0.27411944425568474,0.7408169039714342,0.20011586348616625,False,0,0,0,1.3738812140973307,False,0.35,0.23435019887025957,0.3511345907437222,0.7622945853497815
Player_189,RB,Team_29,14.855032450675758,22.855032450675758,204,7,0.4929996253116432,0.43098306917683477,0.22499594967520703,False,0,1,0,2.515659111320326,False,0.35,0.519828140830777,0.5229332088051737,0.524792055389344
Player_190,WR,Team_30,4.383585458338944,12.383585458338944,151,6,0.15835756403495208,0.7438102152058537,0.2450743200469715,False,0,0,0,0.6582733730839095,False,0.25,0.14244527587461545,0.20219462555838413,0.9823205215438519
Player_191,RB,Team_31,2.9304658776819785,10.930465877681979,218,7,0.3238546120076986,0.704246313020482,0.2759829253454029,False,0,0,0,1.3976694678388335,False,0.35,0.31286242348636006,0.34616071164536494,0.5
Player_192,TE,Team_32,5.247867497632427,11.247867497632427,182,4,0.2611324924331648,0.8608385825558544,0.2691307044554685,False,0,0,0,1.0063543329716007,False,0.2,0.2989524306578099,0.24602914120479402,0.8184767781666921
Player_193,WR,Team_1,-1.2272439028568467,6.772756097143153,195,9,0.31717331579397046,0.5792644494584966,0.11460071857992547,False,0,0,0,1.5069868346484263,False,0.25,0.33298935022741877,0.2957532346933744,0.793533107812543
Player_194,WR,Team_2,11.864021366390844,19.864021366390844,216,4,0.307508825687034,0.611189737086953,0.29842712789571657,False,0,0,0,0.6684541084344573,False,0.25,0.2874999163074086,0.37854627886070463,0.7748191658807366
Player_195,QB,Team_3,3.397090320858794,18.397090320858794,179,10,0.45859987366748384,0.6334012723330558,0.198591394331172,False,0,0,0,1.1411117721170083,False,0.15,0.4256542946727078,0.4428766565287181,0.5112638142884975
Player_196,TE,Team_4,4.3280581259394495,10.32805812593945,178,5,0.19119526340068885,0.8674213166385896,0.27078857642837056,False,0,1,0,0.4674423295846403,False,0.2,0.18303663039064375,0.2137222965540593,0.7675633547776631
Player_197,RB,Team_5,1.4012138232306874,9.401213823230687,207,8,0.24627968795058794,0.7293676731308854,0.1441017574273296,False,0,0,0,1.1077617671723266,False,0.35,0.20843369938077155,0.2911967918162074,0.6593338530071273
Player_198,WR,Team_6,5.856246440344728,13.856246440344728,223,13,0.24413371285452143,0.9221661808448889,0.23931228042880923,False,0,1,0,1.4254269574294103,False,0.25,0.2504221461716561,0.31082680753804187,0.7769209634895934
Player_199,WR,Team_7,18.98132373968293,26.98132373968293,202,14,0.15623005353124192,0.9733762526468976,0.6450234442047248,True,0,0,0,0.3443340189094379,False,0.25,0.13001970067183874,0.1498035772166757,0.7330542647885129
Player_200,RB,Team_8,5.625253055854836,13.625253055854836,195,12,0.1745479889512961,0.7286251925118389,0.15647358380853124,False,0,0,0,0.9514930490775331,False,0.35,0.13990629757371695,0.192142998597142,0.9054745448488387
Player_201,WR,Team_9,2.4932170122215638,10.493217012221564,203,14,0.07953990817033263,0.7360807334815928,0.18897048656550816,False,0,0,0,0.4169767432773,False,0.25,0.08889173757945051,0.10152449452392287,0.8314283070276802
Player_202,WR,Team_10,11.157157639439419,19.15715763943942,214,4,0.29903753135394506,0.6267641258368605,0.13728396097079493,False,0,0,0,1.7452894759445734,False,0.25,0.35371772008138497,0.3202219535758993,0.8301259913220996
Player_203,WR,Team_11,6.023354578968059,14.023354578968059,221,11,0.3146410177614783,0.5470654872068437,0.127673640177638,False,0,0,0,1.096923362575501,False,0.25,0.26532481575373,0.3891614600956254,0.5672686370814413
Player_204,WR,Team_12,0.931214690211835,8.931214690211835,192,6,0.4363126089392898,0.53079298252498,0.13309995493273113,False,0,0,0,1.1389232416187667,False,0.25,0.4987812154019437,0.509076889874928,0.5996176490692857
Player_205,WR,Team_13,5.96024007648413,13.96024007648413,220,12,0.298912121493982,0.7558020460120657,0.27967105503353307,False,0,0,0,0.5735894422213007,False,0.25,0.29738312703773356,0.2719819181825142,0.6152523430940756
Player_206,RB,Team_14,-0.7193553095525722,7.280644690447428,192,7,0.4099990477436935,0.782345531738802,0.1553508263902617,False,0,1,0,1.383273249624278,False,0.35,0.478966772717333,0.37096763487006074,0.5125394552544483
Player_207,WR,Team_15,5.056746734341601,13.056746734341601,241,11,0.1544022199155444,0.9954173087759705,0.19136356091122703,False,0,0,0,0.7657853109945681,False,0.25,0.14976728261410027,0.16260920108756127,0.8325671209495444
Player_208,TE,Team_16,6.070812341406359,12.07081234140636,209,4,0.6807671993320379,0.1909182998233365,0.27696158940613014,False,0,2,0,2.4412632671272885,False,0.2,0.731191493248753,0.6916714636971184,0.5
Player_209,RB,Team_17,1.968971769237882,9.968971769237882,198,5,0.3296437904266804,0.5087675308322722,0.2704096831609386,False,0,0,0,1.9180079823109284,False,0.35,0.3432532084314904,0.3071904429358511,0.7003209783570543
Player_210,WR,Team_18,6.418426650008717,14.418426650008717,224,11,0.31828191096305225,0.7430240066135804,0.163243024512666,False,0,0,0,0.5647237339876006,False,0.25,0.28123861185894033,0.37503730055329676,0.5955776255586507
Player_211,DEF,Team_19,3.125992014492585,9.125992014492585,213,4,0.2514519730118509,0.7121777153780975,0.5229127749135081,True,0,1,0,1.434953924662746,False,0.1,0.2377130326900889,0.32066977846023104,0.7535151326181755
Player_212,RB,Team_20,15.15897497125653,23.15897497125653,191,6,0.4220781732681007,0.42789964058720564,0.29658937591094015,False,1,1,0,1.110530951613627,False,0.35,0.4041407189612203,0.48255545468787403,0.5000381224498558
Player_213,WR,Team_21,1.5996819802515692,9.59968198025157,227,8,0.25706773381300113,0.9225646588354673,0.46947238767422433,True,0,0,0,1.2819895365261302,False,0.25,0.28280851991047573,0.2633109145556956,0.8226304844583607
Player_214,WR,Team_22,5.05362801373121,13.05362801373121,236,12,0.29135448778014345,0.7474830851428733,0.11664461324161446,False,0,0,0,0.3709092723815364,False,0.25,0.29282469097370717,0.29611834975082596,0.6991630890917693
Player_215,WR,Team_23,3.360129353729569,11.360129353729569,230,7,0.5000386249341291,0.4515439799409972,0.16860534251800488,False,1,2,0,2.301319616561929,False,0.25,0.4368940267890499,0.4579077465446682,0.5
Player_216,QB,Team_24,6.793857917757883,21.793857917757883,223,11,0.20723311870103758,0.8323467661699372,0.20710849461955966,False,0,1,0,0.4960065799716408,False,0.15,0.17762483644524282,0.23457376337472202,0.8191219624944409
Player_217,RB,Team_25,2.2654820385434817,10.265482038543482,185,6,0.13480334235125954,0.8093758043655584,0.3576814006528519,True,0,0,0,0.6700955152768522,False,0.35,0.15840146438493752,0.15797359850184559,0.8469892106395478
Player_218,WR,Team_26,9.62364334465467,17.62364334465467,220,14,0.39466735068847986,0.8041660486695797,0.13383237876848403,False,1,0,0,1.4112653819654395,False,0.25,0.4122445172855028,0.4137651005491602,0.8333825799592809
Player_219,TE,Team_27,1.616782512375364,7.616782512375364,196,12,0.15130039458584502,0.9560245455067549,0.1448765959599591,False,0,0,0,0.5379438788816512,False,0.2,0.17956140279421184,0.17073941989554112,0.7940187964568922
Player_220,K,Team_28,2.904145964084478,9.904145964084478,198,9,0.2456595226466059,0.8080565274994898,0.1248843773703787,False,0,0,0,0.45818432889430366,False,0.05,0.20827317665907227,0.24372561469871815,0.5972476716412174
Player_221,RB,Team_29,4.158279067021278,12.158279067021278,225,13,0.1613760415954073,0.7065314277982626,0.29666815368284527,False,0,0,0,0.21309279536650466,False,0.35,0.17684110640373235,0.15885663177349205,0.6262556566721098
Player_222,TE,Team_30,-0.8266121721971764,5.173387827802824,217,13,0.07719557427256434,0.9483873905708751,0.25206564428082756,False,0,0,0,0.2487224491252771,False,0.2,0.08388399332827408,0.08055084480059119,0.874049237522988
Player_223,RB,Team_31,1.5380394151826593,9.53803941518266,220,14,0.095602824478594,0.8425875132265672,0.18883678958430083,False,0,0,0,0.36758482676022797,False,0.35,0.0939952903078735,0.10121621412377069,0.8520914515175474
Player_224,WR,Team_32,6.45805798520742,14.45805798520742,189,8,0.43840097094062275,0.5568619588049337,0.13635271955223885,False,0,0,0,2.4720241217720145,False,0.25,0.4748093974909874,0.4131865719034001,0.5
Player_225,TE,Team_1,5.658255569069933,11.658255569069933,238,4,0.20906870283677964,0.7383682037646818,0.11628944257823184,False,0,0,0,1.0401288566663287,False,0.2,0.1759784030140468,0.20033092584471004,0.794171998497234
Player_226,K,Team_2,-0.8058376026294782,6.194162397370522,266,10,0.13094410331069078,0.9686267387415797,0.1889678718681059,False,0,0,0,0.7413715602087667,False,0.05,0.11369096716350328,0.14072603730838942,0.718078467373888
Player_227,WR,Team_3,8.728666809977547,16.728666809977547,253,9,0.33200075489313624,0.7167297688113632,0.12566998532293897,False,0,0,0,1.7038117913319284,False,0.25,0.3266015800795355,0.30611817991122364,0.7751922316280434
Player_228,WR,Team_4,11.090822086540559,19.09082208654056,226,7,0.15543495469131935,0.6254576380522141,0.2324464316659186,False,0,0,0,0.18636427811262846,False,0.25,0.17842041993591173,0.1952780410649754,0.8110550974287571
Player_229,WR,Team_5,1.7476975820905203,9.74769758209052,227,9,0.6395721599560238,0.28697050138671887,0.16678049430531078,False,0,0,0,2.2833473446549912,False,0.25,0.6733109112779736,0.7104495867576651,0.5
Player_230,WR,Team_6,13.967456068251362,21.967456068251362,246,7,0.23088181728878987,0.7786917660978665,0.16534777811372672,False,0,0,0,0.9531377617212693,False,0.25,0.253202005653386,0.2701530447062128,0.7097856937482168
Player_231,RB,Team_7,1.4900080549316215,9.490008054931621,224,12,0.24047465511958044,0.6302600924644945,0.16446496489388499,False,0,1,0,0.7598871307095568,True,0.35,0.2841387687235366,0.236619177469478,0.6413674114231269
Player_232,TE,Team_8,0.7478891309597557,6.747889130959756,245,13,0.2139895770685522,0.7186815110847854,0.15067587976586688,False,0,0,0,1.2667444057972304,False,0.2,0.17593754267033426,0.2638948792914419,0.7219515476565384
Player_233,WR,Team_9,9.35313812296237,17.35313812296237,225,5,0.21648934915568346,0.6907185208991519,0.118603481852535,False,0,0,0,1.0776605735473852,False,0.25,0.18447667362821307,0.25055862004368795,0.7244431946558314
Player_234,RB,Team_10,16.259206382191774,24.259206382191774,208,8,0.3537858951891986,0.4612436902436054,0.10136814962967272,False,0,0,0,0.7493408495339478,False,0.35,0.39866110276902367,0.3818547686420688,0.5582978032486683
Player_235,WR,Team_11,1.4286163768169473,9.428616376816947,238,14,0.29414075310522914,0.6931129500730324,0.22663573497915446,False,0,0,0,1.2159092628625565,True,0.25,0.33214415896263005,0.2923795910890414,0.6820857391909324
Player_236,WR,Team_12,19.230539711916943,27.230539711916943,203,13,0.1947149250249008,0.7366513902816167,0.29308972692012425,False,0,0,0,0.48622568150869283,False,0.25,0.17693492877888267,0.238794940666257,0.7209449201293955
Player_237,WR,Team_13,4.254986137134253,12.254986137134253,223,7,0.24803340102166027,0.7347521716074924,0.5903842918072109,True,0,0,0,1.0383945078444832,True,0.25,0.23429633776807052,0.2762893131140114,0.7511552788171647
Player_238,TE,Team_14,3.637609187823676,9.637609187823676,246,13,0.5829665328141579,0.5006636472530144,0.22535410388344437,False,0,1,0,1.0865235688595258,False,0.2,0.6720381188141911,0.7483154856927687,0.5
Player_239,WR,Team_15,1.490229772011805,9.490229772011805,242,14,0.36834682644565264,0.632529522042884,0.18853874039348717,False,0,0,0,1.5250119691225419,False,0.25,0.35591553095375605,0.3695698011365669,0.6702914389391534
Player_240,WR,Team_16,11.594266090784785,19.594266090784785,250,10,0.16430179459759628,0.8188340185375763,0.28089056231249876,False,0,0,0,0.36995857055161535,False,0.25,0.16188323513493727,0.17986631469091033,0.8539498050605393
Player_241,K,Team_17,4.062991099261126,11.062991099261126,214,10,0.2666523666831418,0.6175063160595793,0.18378472495858372,False,0,0,0,1.5543655345176615,False,0.05,0.2824414205432542,0.26616753535440535,0.8264745929164157
Player_242,WR,Team_18,10.729753110163955,18.729753110163955,218,11,0.10891923837303202,1.0,0.15625691271060682,False,0,0,0,0.29326879582830345,True,0.25,0.11677234544869566,0.13398982844279106,0.87199353967165
Player_243,TE,Team_19,2.271002909216149,8.271002909216149,245,13,0.28195037301961984,0.7505835565778793,0.12786046774158286,False,0,0,0,1.25352515176075,False,0.2,0.24987679991047554,0.34552570146562545,0.7400153526961857
Player_244,DEF,Team_20,-0.015434696541143822,5.984565303458856,204,4,0.4028401503752612,0.5923896026762772,0.15155569764079826,False,0,0,0,1.091041333857408,False,0.1,0.4678087097675302,0.477559949965371,0.6506405402397911
Player_245,RB,Team_21,13.137920392367104,21.137920392367104,232,6,0.11362798646232106,0.8745211413661876,0.29246761149624134,False,0,0,0,0.3721071573155368,False,0.35,0.09692333874804693,0.12712315125501636,0.7995459173778456
Player_246,WR,Team_22,6.255426517458689,14.25542651745869,241,12,0.2015182353869769,0.7856468970393353,0.23935096298708086,False,0,0,0,0.5895477670952213,False,0.25,0.16480234153106302,0.20467294036081118,0.6976075600733662
Player_247,WR,Team_23,4.932997595939636,12.932997595939636,231,8,0.2311974718274163,0.7707406519423862,0.2696406257105791,False,0,0,0,0.8933152527447352,False,0.25,0.25838214079423966,0.25306715885465286,0.695475659792166
Player_248,RB,Team_24,3.9691125761812636,11.969112576181264,230,4,0.15713618774713337,0.6479266367206243,0.18946055125052014,False,0,0,0,0.7538766911797152,False,0.35,0.1702913859587892,0.14275193001748107,0.9855943486817883
Player_249,RB,Team_25,3.424242401556077,11.424242401556077,262,13,0.22402334580879923,0.8320483824204764,0.13779713199423502,False,0,0,0,0.36257153681095444,False,0.35,0.2450599703478921,0.23043337139909345,0.7746305087326356
Player_250,WR,Team_26,11.819367354767792,19.81936735476779,254,8,0.40564226933193365,0.5563765868195576,0.24550728544602854,False,0,0,0,1.0414406074934202,False,0.25,0.4280905230846738,0.47855804778683725,0.5
Player_251,DEF,Team_27,16.30992076427231,22.30992076427231,257,5,0.1602437713408607,0.7420087649652658,0.20107073364756523,False,0,0,0,0.8723242394423559,True,0.1,0.15704300907781535,0.15734140115389042,1.0328673355453932
Player_252,RB,Team_28,11.771764021339933,19.771764021339933,235,5,0.20130446580407702,0.8772546472124533,0.19982173162152128,False,0,0,0,0.5637527848582704,True,0.35,0.18172398606194534,0.18862362282577372,0.7965528788232665
Player_253,DEF,Team_29,3.075651546648947,9.075651546648947,233,5,0.40709717214420327,0.753854894433394,0.11808379555833215,False,0,0,0,0.6581102170934114,False,0.1,0.3827869228893109,0.4922358599228308,0.5497028900387158
Player_254,WR,Team_30,8.087408371974334,16.087408371974334,261,11,0.27008911838393956,0.702459651661168,0.7929670843124589,True,0,0,0,1.408710384713088,False,0.25,0.28637272481741083,0.3367278268918899,0.7397022553769246
Player_255,TE,Team_31,0.26382687825153006,6.26382687825153,232,13,0.30677642981251346,0.606344395471536,0.16554944517922562,False,0,0,0,1.826468342745764,False,0.2,0.30346209011785896,0.3398696342245891,0.6764844362669423
Player_256,DEF,Team_32,0.1321884993907405,6.1321884993907405,248,14,0.21525146787310362,0.9046822102197214,0.1729132855039729,False,0,0,0,1.1491448796169714,False,0.1,0.25542520714774797,0.23266230672230417,0.752873700602283
Player_257,DEF,Team_1,0.6483940565314334,6.6483940565314334,243,11,0.2244435686444068,0.7581942368271288,0.20078260507612,False,0,0,0,0.5795745409995257,False,0.1,0.19701328940209686,0.252449467459911,0.7195440768462833
Player_258,WR,Team_2,4.276975225821971,12.276975225821971,245,11,0.24132300874483523,0.8153541638735827,0.3187831147719903,True,0,0,0,0.7972252455204948,False,0.25,0.21694581146952802,0.2794749837659679,0.863525256360224
Player_259,WR,Team_3,8.867519835082135,16.867519835082135,290,14,0.40779465780269514,0.7412990249174778,0.2839269816056148,False,0,1,0,0.931636021856285,False,0.25,0.4293461860016673,0.44914724003794565,0.5
Player_260,WR,Team_4,8.640024639982805,16.640024639982805,296,8,0.2739165645460816,0.8162330887681917,0.4233282234223889,True,0,0,0,0.39463466705103334,False,0.25,0.3013258429248458,0.32249849994131535,0.5186348003522873
Player_261,WR,Team_5,5.537575203779692,13.537575203779692,275,5,0.46368862189199295,0.4241583633655044,0.10955627293628108,False,0,0,0,1.3575701623104064,False,0.25,0.5122710177777754,0.5110062940784522,0.5342553223729564
Player_262,QB,Team_6,12.8366292764738,27.8366292764738,238,5,0.2337277092331109,0.9164113014828431,0.1504287911677887,False,0,0,0,1.0677290320375104,False,0.15,0.24838853512717654,0.22888545684145917,0.655583250311925
Player_263,RB,Team_7,23.12112897534621,31.12112897534621,262,11,0.32343571031197216,0.8469744974939396,0.15304570450053492,False,0,0,0,0.4375277601547954,False,0.35,0.3578947165598053,0.3762139380328375,0.7248967724133081
Player_264,DEF,Team_8,7.61581187676474,13.61581187676474,264,11,0.3036607898493643,0.7889027788294705,0.18116241844005432,False,0,0,0,0.7241620803101049,True,0.1,0.32868064928389346,0.30222865699486656,0.5899928734384017
Player_265,K,Team_9,-0.6817842063601258,6.318215793639874,266,10,0.12202508278388183,0.8765478819211794,0.25429466897192127,False,0,0,0,0.7204124002639657,False,0.05,0.10863476199843235,0.12016044921459901,0.8205648496877583
Player_266,QB,Team_10,15.210204319768774,30.210204319768774,286,5,0.231171288816953,0.6937757493676646,0.2735933284004262,False,0,0,0,1.3630590746425202,False,0.15,0.2470736669970964,0.23030962925183612,0.8546772283750049
Player_267,RB,Team_11,11.57630416542706,19.57630416542706,246,12,0.17426148964125088,0.8106771088957558,0.14803031920440285,False,0,0,0,0.48461592558510824,False,0.35,0.17845184994143376,0.1837735575372713,0.9811185604675172
Player_268,QB,Team_12,-0.22306058899453518,14.776939411005465,277,7,0.2969708143451627,0.7833072692463194,0.2747589380839761,False,0,0,0,0.8259499208994775,False,0.15,0.32014877059967983,0.340475927896368,0.5
Player_269,DEF,Team_13,2.060678422473595,8.060678422473595,275,11,0.5104680682766396,0.6125074447791584,0.12334958055375911,False,0,1,0,0.6032220262402387,True,0.1,0.5571236110862529,0.5001912716373403,0.5
Player_270,TE,Team_14,-1.683489434428953,4.316510565571047,261,13,0.2857396907620113,0.7346390645586696,0.28957268839981376,False,0,0,0,1.253942260732483,False,0.2,0.2973957388669759,0.33688113238273226,0.8455518132096023
Player_271,QB,Team_15,0.6147755201784175,15.614775520178418,270,9,0.34435143429192044,0.5590703024216835,0.1835937016027774,False,0,0,0,1.329685196089868,False,0.15,0.3232383885245379,0.4127330353436102,0.6017911983784171
Player_272,K,Team_16,0.7224704306518461,7.722470430651846,295,5,0.12068468292810046,1.0,0.27489502065672844,False,0,0,0,0.44024123822406713,False,0.05,0.11090407433641337,0.1415257136017785,1.0080545819377305
Player_273,RB,Team_17,9.483269062613171,17.48326906261317,284,13,0.19895101618284988,0.913133828181931,0.21424258355030343,False,0,0,0,0.8569478847816207,False,0.35,0.16700321143837,0.19752482212486258,0.7486207095261623
Player_274,TE,Team_18,4.182807141390196,10.182807141390196,279,6,0.09182869148683229,1.0,0.5748423068282891,True,0,0,0,0.162999906976823,False,0.2,0.0994981967987301,0.08917960988178703,0.9448362897278971
Player_275,K,Team_19,0.193790741905417,7.193790741905417,271,12,0.40492444966628344,0.5432998056114946,0.18157884735603808,False,0,0,0,1.315160908468082,False,0.05,0.41663732436379297,0.5262733909505376,0.6168557843085892
Player_276,RB,Team_20,1.8706306757909985,9.870630675790999,266,5,0.16130993173820818,0.7333065187253572,0.15745153897541353,False,0,0,0,0.549986347043916,False,0.35,0.14943337976763924,0.19223241648546038,0.8814715077770822
Player_277,K,Team_21,2.784987292899979,9.784987292899979,300,9,0.08206434438471834,0.8809527467608305,0.589902672583398,True,0,0,0,0.10443175691825135,False,0.05,0.09215944885422538,0.09055583591101343,0.8851420033775311
Player_278,QB,Team_22,17.229888282356505,32.229888282356505,279,9,0.4201863282120362,0.4889367047071665,0.11780194697920177,False,1,0,0,0.6747256702624814,True,0.15,0.48900338013253003,0.4107109264677848,0.748266155248309
Player_279,WR,Team_23,25.842717682019014,33.842717682019014,256,13,0.0711714651902992,0.9308710867015095,0.29841495291827125,False,0,0,0,0.32565812627589596,False,0.25,0.06565991271702638,0.06838980667846835,0.8306234006104115
Player_280,RB,Team_24,19.111089642810754,27.111089642810754,269,5,0.15833603381691402,0.7652452875193014,0.1411774621533199,False,0,0,0,0.2766125669291279,False,0.35,0.15583955278243972,0.19955154705231387,0.9292813593523935
Player_281,DEF,Team_25,2.639522570080544,8.639522570080544,232,13,0.3150971118192802,0.7684858119635423,0.2525695804692958,False,0,0,0,0.40681796138049814,False,0.1,0.3338081976968599,0.3314316649834829,0.7269612928827593
Player_282,TE,Team_26,4.550873696734591,10.550873696734591,322,14,0.48569234685371127,0.6847668624760264,0.22762798050325386,False,0,0,0,0.7983675711193114,False,0.2,0.4808686187129853,0.49875925335004323,0.5
Player_283,TE,Team_27,-1.4043814764591893,4.595618523540811,282,4,0.23806022391460635,0.6951882735508814,0.11862143130167802,False,0,0,0,0.8438541956474525,False,0.2,0.2827172616170329,0.30310567153060247,0.8373938540868839
Player_284,K,Team_28,9.148094353547673,16.148094353547673,269,10,0.4296665396334141,0.5301244878198644,0.12649379080357095,False,0,0,0,2.314629429357777,True,0.05,0.4820571243432061,0.45011653794937384,0.5
Player_285,K,Team_29,1.0859713425743145,8.085971342574314,307,9,0.22339286912420395,0.8961602696844669,0.39338626411556465,True,0,0,0,0.45598037496375965,False,0.05,0.2507277426623649,0.22604444030495996,0.6247101527944645
Player_286,RB,Team_30,14.062330777644316,22.062330777644316,286,14,0.5504731154464174,0.43348494635604784,0.7921609894070206,True,0,1,0,1.7772845312452978,False,0.35,0.49872138990317694,0.5942098760612216,0.6996169343470107
Player_287,WR,Team_31,14.132845797077177,22.132845797077177,299,12,0.5716405724649886,0.5338372089626772,0.2859740964587758,False,0,0,0,3.1429155645722067,False,0.25,0.6730061909174914,0.6334304570603422,0.5
Player_288,WR,Team_32,3.2924733130928647,11.292473313092865,294,6,0.11176776339414198,0.8707653425947642,0.181364529479693,False,0,0,0,0.4046857377983549,False,0.25,0.09111200629850694,0.1450564141709721,0.8907613065393256
Player_289,WR,Team_1,4.039058798662676,12.039058798662676,320,13,0.40421186686207966,0.4514324297195478,0.31409567022361107,True,0,1,0,1.4493378879597358,False,0.25,0.4534245669275403,0.3744343617282952,0.6644756554582097
Player_290,WR,Team_2,11.755129271152093,19.755129271152093,293,9,0.16358620690371514,0.7427691879313838,0.15653347210823182,False,0,0,0,0.8726139880727636,False,0.25,0.1746481362374906,0.1554908799232392,0.7180295289911179
Player_291,DEF,Team_3,4.40684465553457,10.40684465553457,281,12,0.32532935003459,0.8080093799874525,0.7811826582272642,True,0,0,0,1.5126011113337492,False,0.1,0.34214486846394276,0.3837992222752292,0.7328580456477305
Player_292,TE,Team_4,-1.0944513998974523,4.905548600102548,286,14,0.16390705057226831,0.8610299777004969,0.1421056976881226,False,0,0,0,0.47526840043398877,False,0.2,0.17079581827263304,0.18422434780231403,0.8348786083138551
Player_293,WR,Team_5,-0.010581323644750285,7.98941867635525,293,10,0.19506778675984895,0.8835063422112708,0.11654766069741432,False,0,0,0,1.0282589337052779,False,0.25,0.16413104599726938,0.18394223797552245,0.9403652029176071
Player_294,RB,Team_6,5.824063372052288,13.824063372052288,288,14,0.3347322882240765,0.8877563498755691,0.21231687219338163,False,0,1,0,1.4994024468307559,True,0.35,0.36869831200230396,0.43088242906164786,0.8138265725767015
Player_295,TE,Team_7,3.2525021493901853,9.252502149390185,288,8,0.317092692011883,0.719083507198502,0.15305701781721048,False,0,0,0,1.4592180984043985,False,0.2,0.2861815293086845,0.3095349140306678,0.7148882790121087
Player_296,WR,Team_8,3.9152840762586525,11.915284076258652,247,8,0.354333026298672,0.6531362603606541,0.2713224672449852,False,1,0,0,1.3955136068838914,False,0.25,0.3760447384284619,0.3683720444273449,0.749166917914016
Player_297,DEF,Team_9,5.056562093585658,11.056562093585658,320,4,0.17218516158124156,0.5789571861562773,0.1883698068955465,False,0,0,0,1.0095445067934083,False,0.1,0.14600763512758955,0.17705683715504492,0.7768699727516568
Player_298,K,Team_10,3.9793646993865064,10.979364699386506,270,6,0.22941413120257712,0.6295058994347172,0.2884370908979277,False,0,0,0,0.9798687964915547,False,0.05,0.2701618688325374,0.24283735963826705,0.8069967232216897
Player_299,WR,Team_11,35.06723632593485,43.06723632593485,251,12,0.3826415417112534,0.639750368264106,0.24334371715352837,False,0,0,0,1.7824965903048202,True,0.25,0.4370751576905581,0.4231509636021234,0.5642547632269783
Player_300,RB,Team_12,6.838634319834272,14.838634319834272,338,13,0.17761209218347304,0.9046001083984209,0.20036804851112766,False,0,0,0,0.8186145072353866,True,0.35,0.1551029229430973,0.20171659137295844,0.7107846315155789
Player_301,WR,Team_13,11.100598799334797,19.100598799334797,312,13,0.0837064362142222,0.7258260944392314,0.14336285518582165,False,0,0,0,0.4290519354026359,False,0.25,0.08515977589356538,0.08553997255586299,1.0607347832912866
Player_302,RB,Team_14,7.178470610095966,15.178470610095966,292,8,0.4761694815897455,0.6960719478091995,0.7439364659256651,True,0,0,0,1.7152960195109197,False,0.35,0.38197243654528945,0.4352521678553752,0.5437943144811092
Player_303,DEF,Team_15,2.358419717226088,8.358419717226088,333,4,0.5777922214996145,0.3404669650589515,0.18742962100900692,False,0,2,0,1.3205328246519399,False,0.1,0.5471178567717927,0.7312109685760836,0.5
Player_304,WR,Team_16,-0.23662006205132258,7.763379937948677,273,10,0.2628695903339723,0.9066783726044089,0.12803308667654606,False,0,0,0,1.2164001583237056,True,0.25,0.28562915296954267,0.26283012881483464,0.8075379534588435
Player_305,K,Team_17,3.5685922041579516,10.568592204157952,320,5,0.5005718924819959,0.48795226732816765,0.2943032713608278,False,0,1,0,2.7124323669662695,False,0.05,0.43768677578102005,0.4954398643914029,0.5540296993531267
Player_306,WR,Team_18,-1.771888630485889,6.228111369514111,302,4,0.5924717736409679,0.5302316860639193,0.20952322013074942,False,0,0,0,1.2577653865383247,False,0.25,0.673152861736652,0.6994232003687539,0.5
Player_307,TE,Team_19,-0.16216418446960024,5.8378358155304,272,12,0.27120599591498196,0.7238920870368545,0.2883633000100312,False,0,0,0,1.1873996020375959,False,0.2,0.24224603693268715,0.30631392212267744,0.7839099815273327
Player_308,TE,Team_20,3.311651526456327,9.311651526456327,302,10,0.10926353160165228,0.846229742318788,0.22446332744971037,False,0,0,0,0.4536884696436469,False,0.2,0.10363017012628988,0.12980951839634286,0.9162990469533195
Player_309,WR,Team_21,5.099507931138376,13.099507931138376,346,5,0.22460406304813677,0.7278811502279153,0.2469701040999202,False,0,0,0,1.0910925400335187,False,0.25,0.25207286074715535,0.256274256859946,0.8927470227877987
Player_310,RB,Team_22,2.754319139006215,10.754319139006215,309,4,0.47302781848176423,0.6591180591058361,0.12911350196664714,False,0,0,0,2.5694129560129464,False,0.35,0.5454543754133897,0.6001869299951517,0.5
Player_311,RB,Team_23,6.658160494312087,14.658160494312087,289,12,0.07797924658887909,0.7793380957329866,0.21836158153266516,False,0,0,0,0.37169312095689944,False,0.35,0.08326266567724487,0.08505951000606177,0.9289544695826557
Player_312,WR,Team_24,6.327946972028245,14.327946972028245,303,4,0.5896824872161258,0.38063025484813356,0.1349221833964524,False,0,2,0,3.330248668331473,True,0.25,0.6084656336223587,0.6617476000329661,0.527819870979958
Player_313,TE,Team_25,-1.2037545009118036,4.796245499088196,312,9,0.20846287304912678,0.8123969868500929,0.5309626021028675,True,0,0,0,0.7925747528842777,False,0.2,0.23312709376547208,0.21598556755476045,0.8883661269321114
Player_314,QB,Team_26,7.649079868700085,22.649079868700085,313,10,0.3866229663359049,0.639802510024829,0.28616657283516145,False,0,0,0,1.2073705704119204,False,0.15,0.39317801338934605,0.4295313827491716,0.6093436426426908
Player_315,RB,Team_27,7.112472256089697,15.112472256089697,300,14,0.21646919629581912,0.8111002034294792,0.17547752499495525,False,0,0,0,0.698956032345596,False,0.35,0.2501794039216464,0.23979571646272566,0.7504924240831877
Player_316,WR,Team_28,7.18670203067245,15.18670203067245,317,5,0.4853815109815304,0.6096442084053239,0.1565081727324887,False,0,1,0,1.2964912379441114,True,0.25,0.45452054151785026,0.5928070349524002,0.6417709037838635
Player_317,K,Team_29,-0.9353341877760206,6.064665812223979,340,12,0.060699119030941925,0.9394008513404112,0.1783935480548926,False,0,0,0,0.32043760157554485,False,0.05,0.05308935543867806,0.061169165740933715,1.0575809360228987
Player_318,TE,Team_30,15.16125800485495,21.16125800485495,307,8,0.3728281794131336,0.47893040648097907,0.15069875065143806,False,1,0,0,1.9698935104356592,False,0.2,0.3483626206285522,0.41916244255113466,0.5895782485955084
Player_319,QB,Team_31,7.454746193595238,22.454746193595238,292,9,0.5239672544987628,0.4654539352947607,0.14731358504222,False,0,1,0,2.9153207558091716,True,0.15,0.5545164690116378,0.5239845389029306,0.599888545116802
Player_320,TE,Team_32,-0.2072106884790763,5.792789311520924,320,10,0.21861652715729857,0.633842332733299,0.13874341015525957,False,0,0,0,1.246310779016447,False,0.2,0.22172279833037312,0.24429046514764147,0.883634752212303
Player_321,WR,Team_1,18.693122340555437,26.693122340555437,296,9,0.18991313223439754,0.9853138677555844,0.2889934127280152,False,0,0,0,0.6485646042021024,False,0.25,0.22658004420236913,0.20124026175963103,0.8056717591282447
Player_322,WR,Team_2,-0.9928197945614627,7.007180205438537,304,10,0.12473876997184778,0.9772388827469811,0.30117373693372657,True,0,0,0,0.38105237373825396,False,0.25,0.1353202097552422,0.12116878000973436,0.6383921093429363
Player_323,QB,Team_3,5.979043164354813,20.979043164354813,332,8,0.3049937695476903,0.7034166994305914,0.14190692479002515,False,0,1,0,1.3622508113046445,False,0.15,0.3448203015656327,0.38597144572827463,0.6349516439063264
Player_324,K,Team_4,3.730335571809732,10.730335571809732,353,10,0.6881055341997206,0.3041171957738377,0.2965304822987138,False,0,1,0,3.2055577720193034,False,0.05,0.6056264032065941,0.6773729297065978,0.5
Player_325,WR,Team_5,3.9228047101294727,11.922804710129473,295,6,0.5801768213724301,0.4399636652838055,0.292223653604328,False,0,1,0,3.4551168965759373,True,0.25,0.5580477236517575,0.5366513832962774,0.5
Player_326,TE,Team_6,4.131627193015291,10.13162719301529,313,7,0.14565173341076718,0.9488933444158821,0.2445886848778894,False,0,0,0,0.4765887258414074,False,0.2,0.1289639657261435,0.131708334959547,0.7921488524714673
Player_327,TE,Team_7,-0.9325069725108968,5.067493027489103,355,12,0.23896298038342406,0.7749398883118884,0.15365520409071134,False,0,0,0,0.2762112263562594,False,0.2,0.20442351294458508,0.22723581273849386,0.7565247305841707
Player_328,RB,Team_8,5.855009392138358,13.855009392138358,329,4,0.1420833795049855,0.6587278939678745,0.13062696012088076,False,0,0,0,0.2343656852162236,False,0.35,0.11759810470860095,0.14669871952046507,0.7295833874327833
Player_329,RB,Team_9,19.80903465535954,27.80903465535954,337,13,0.042830752241461094,0.9886143299876047,0.29012127431597456,False,0,0,0,0.08374522851110984,False,0.35,0.04428283138492993,0.05253153817560123,0.8894100047806938
Player_330,DEF,Team_10,1.7153209705735613,7.715320970573561,327,10,0.21104496463216987,0.7128674477506306,0.10361204395199211,False,0,0,0,1.2503889880371084,True,0.1,0.19738106846985096,0.19904522353095955,0.8264897717218321
Player_331,RB,Team_11,33.03078456074595,41.03078456074595,347,8,0.1815240445504078,0.7357432752846823,0.18309867933918286,False,0,0,0,0.8906086549693796,False,0.35,0.162761898073464,0.21217987337528985,0.9832924379066612
Player_332,RB,Team_12,5.6424974790733025,13.642497479073302,369,9,0.5233008033238723,0.4138321719730417,0.17263782474324502,False,0,1,0,1.7959464518684938,False,0.35,0.552206417060859,0.5312868206442068,0.5
Player_333,RB,Team_13,3.3270088759642213,11.327008875964221,321,13,0.41355119400317836,0.7110196724137877,0.23779999699771365,False,0,0,0,2.0078703871883,False,0.35,0.4874681023125896,0.44954486178460284,0.5143057595914597
Player_334,K,Team_14,0.6834729320614894,7.683472932061489,361,6,0.17521576448401088,0.7963552244606553,0.1719086289040007,False,0,0,0,0.8734045953326395,False,0.05,0.14696518900872488,0.19610299027187986,0.9001246726039076
Player_335,TE,Team_15,5.393556790514992,11.393556790514992,359,4,0.6048551569248694,0.2889587567740538,0.10811919706047468,False,0,1,0,3.617302174128219,True,0.2,0.5275940315779304,0.575828461738628,0.5348671782485179
Player_336,RB,Team_16,5.597484787327824,13.597484787327824,306,6,0.6637003157804983,0.39530016032994886,0.20194710200078742,False,0,0,0,3.9026247495661903,False,0.35,0.6184035834651107,0.7533782825851993,0.5903387939876451
Player_337,TE,Team_17,1.7976232729471997,7.7976232729472,336,8,0.30630881702121465,0.6251236912197723,0.1429709212849996,False,0,0,0,0.947182669335898,False,0.2,0.3034606198638659,0.3088419426594577,0.7757210204296818
Player_338,QB,Team_18,1.2446699277463402,16.24466992774634,369,10,0.28096369355098183,0.7835025659364784,0.21172446737323788,False,0,0,0,1.076506974472968,False,0.15,0.25675538908154066,0.2719717104884741,0.6110188379724848
Player_339,RB,Team_19,16.05761384859791,24.05761384859791,376,14,0.3190379162130082,0.8412531068943554,0.16960539263774385,False,0,0,0,1.441913279544362,False,0.35,0.37874424804886025,0.3972623159166059,0.6746767340779575
Player_340,WR,Team_20,5.434063524617217,13.434063524617217,325,12,0.21428322882589487,0.8258631853608046,0.20298550177213442,False,0,0,0,0.8518254892824483,True,0.25,0.223370123640007,0.20053754025894704,0.6404669314653354
Player_341,DEF,Team_21,6.8874098977100395,12.88740989771004,354,9,0.13178543405873155,0.9542904609169925,0.17127332755101132,False,0,0,0,0.47659705586617596,False,0.1,0.1579913310411714,0.15932389819590656,0.823207812509861
Player_342,TE,Team_22,0.21858381637001045,6.2185838163700105,331,8,0.25626635315247165,0.8302244796057761,0.7357536067453174,True,0,0,0,0.8933475868428785,False,0.2,0.22467753911867358,0.2648579298578807,0.8335441861961901
Player_343,QB,Team_23,22.831753187675268,37.83175318767527,344,13,0.13483960907888376,1.0,0.6928333009722281,True,0,0,0,0.3923698091096731,False,0.15,0.1256691616178216,0.17325195692982923,0.837440079386948
Player_344,TE,Team_24,5.1219244990298485,11.121924499029848,335,14,0.04650651520547127,1.0,0.13112959855231815,False,0,0,0,0.1201034892546501,False,0.2,0.039748846998838384,0.05606893973859534,0.9129841932208347
Player_345,RB,Team_25,10.481492578513851,18.48149257851385,348,9,0.3043575855488487,0.8038441383676429,0.48008107660689575,True,0,0,0,0.9343286315779512,False,0.35,0.27556622884726206,0.3173203785314535,0.6916027993245077
Player_346,TE,Team_26,-0.4533718598455625,5.5466281401544375,345,11,0.09883049263355488,1.0,0.103606401965046,False,0,0,0,0.5327532801690946,False,0.2,0.10571668971273174,0.1207416538075009,0.7947701457098897
Player_347,WR,Team_27,19.58719935282279,27.58719935282279,319,14,0.16067659394034461,0.6813868361233553,0.5968528914757173,True,0,0,0,0.3811350288674836,False,0.25,0.1534631357761657,0.16304605150092855,0.9052886359373804
Player_348,QB,Team_28,7.170555755794837,22.170555755794837,338,7,0.151750763962528,0.7605713848903176,0.7023208486673387,True,0,0,0,0.7108044531445459,False,0.15,0.16118683627593358,0.13710190396901858,0.7240182082498519
Player_349,QB,Team_29,0.7096141033539709,15.709614103353971,363,11,0.21022090269656138,0.7074580721560297,0.2754978483462976,False,0,0,0,0.379553864263572,False,0.15,0.18331259491282254,0.23145721704014535,0.6373644065988371
Player_350,K,Team_30,4.538479026225577,11.538479026225577,372,9,0.40131713648860967,0.6022317915649403,0.28940805562887184,False,0,0,0,1.397384105506015,False,0.05,0.46989524654432097,0.45566929770583225,0.7726037531665136
Player_351,TE,Team_31,-0.08714851874167895,5.912851481258321,330,12,0.4289310917171432,0.5889218252549047,0.1867447405662842,False,0,1,0,0.9698628133264376,False,0.2,0.5056532440637294,0.4093602952367791,0.5
Player_352,QB,Team_32,10.233168790704752,25.233168790704752,360,6,0.13592214098946243,0.7464133646205322,0.1631307253964648,False,0,0,0,0.583298847099097,False,0.15,0.10939394137063566,0.15054395792663391,0.9084176540741432
Player_353,WR,Team_1,6.27695514964377,14.27695514964377,367,13,0.23057263041838075,0.887642477644345,0.2727093063342857,False,0,1,0,0.26702620737009,False,0.25,0.2675256835913242,0.2834806794036659,0.8850201497697479
Player_354,TE,Team_2,8.281954405624507,14.281954405624507,362,4,0.6033757948437407,0.3067442241318755,0.1504139773700343,False,0,1,0,2.385608275735257,False,0.2,0.5837682513671664,0.6472638277981774,0.5
Player_355,WR,Team_3,2.276592497991203,10.276592497991203,359,8,0.1170294671028767,0.9317313996009945,0.17701013584072334,False,0,0,0,0.26268960099636396,False,0.25,0.0969059246935275,0.10655756396855859,0.9097737316057214
Player_356,DEF,Team_4,-0.24626261642132885,5.753737383578671,344,10,0.3406135277226437,0.6276654620256963,0.17024876645666567,False,0,0,0,0.3680469134497286,True,0.1,0.29768614362688023,0.32202792570114014,0.685032650731023
Player_357,WR,Team_5,5.161767557144664,13.161767557144664,329,11,0.18142830992295275,0.8205293662860644,0.1516528715774327,False,0,0,0,0.3656420822656468,False,0.25,0.20651947349861682,0.18841446468191728,0.9485704273032607
Player_358,WR,Team_6,12.639502591517228,20.63950259151723,321,11,0.44307521464856725,0.6271781167448183,0.17829085415889423,False,0,0,0,2.533427020282315,True,0.25,0.44361901373208606,0.5023099026695615,0.668592912858185
Player_359,RB,Team_7,7.106285121044335,15.106285121044335,362,12,0.34095155944774047,0.5873113710652152,0.7601361844012038,True,0,0,0,0.7479895789656835,False,0.35,0.37967268953507755,0.41925858595812804,0.737085666751267
Player_360,RB,Team_8,9.136300218068463,17.136300218068463,380,5,0.5080541575734998,0.42477376350069246,0.21702433218542494,False,0,1,0,1.2980098396077144,True,0.35,0.4618145603189432,0.6262855338031865,0.5
Player_361,QB,Team_9,13.861437398540481,28.86143739854048,376,10,0.0819450284921716,0.8712539430075286,0.48177907767414885,True,0,0,0,0.25735793636237747,False,0.15,0.0664688831207451,0.1001373125581134,1.0673209531585433
Player_362,RB,Team_10,10.161041324325943,18.161041324325943,370,12,0.265784094359551,0.897630006528998,0.7900259714882424,True,0,0,0,1.1210136852664367,True,0.35,0.3076221875092691,0.28059001161979535,0.6953643034048034
Player_363,WR,Team_11,-1.4472641705678697,6.55273582943213,359,10,0.5523145900316418,0.49154525460678883,0.2523774557781505,False,1,0,0,2.7200267842816546,True,0.25,0.5828778569342236,0.6416937140501716,0.5
Player_364,RB,Team_12,16.771528917016013,24.771528917016013,402,4,0.4310898201801432,0.5163219540473435,0.23747449315156133,False,0,1,0,2.232445184278108,False,0.35,0.4332595171181135,0.4670699490748318,0.7073671489247955
Player_365,WR,Team_13,13.852781466352894,21.852781466352894,354,7,0.4448780807327767,0.6416508948807483,0.22600691550848764,False,0,0,0,1.0825231268563411,False,0.25,0.3708322100670146,0.40969291752515147,0.5331201165012559
Player_366,RB,Team_14,4.9379505106119765,12.937950510611977,368,6,0.2125747073399599,0.6873840144794274,0.20152734453126947,False,0,0,0,0.511783833585314,False,0.35,0.2177064286258328,0.19316568746168525,0.5457740525197803
Player_367,WR,Team_15,8.661961598649675,16.661961598649675,362,5,0.1436224658499056,0.8519168809317943,0.290624922501593,False,0,0,0,0.5569316635169186,False,0.25,0.1642541409815199,0.14237901782452933,0.7911247048284299
Player_368,DEF,Team_16,1.4890082095954842,7.489008209595484,357,11,0.4634281692866867,0.3684847847895013,0.7432947980844732,True,0,1,0,0.937293525744621,False,0.1,0.45783837934222593,0.47840486853009206,0.5
Player_369,RB,Team_17,14.462901371679248,22.462901371679248,345,5,0.44845691410331456,0.5780021483548271,0.2821757809612887,False,0,0,0,0.8708320944427902,False,0.35,0.5256864448282147,0.5470597481578343,0.5225437712021971
Player_370,RB,Team_18,2.5147842061426218,10.514784206142622,384,14,0.0871327807243637,0.8702345377888102,0.2923524956690937,False,0,0,0,0.2041334329526658,False,0.35,0.08895288971928932,0.10145649744361258,0.8914995423886501
Player_371,WR,Team_19,-1.6172269114853801,6.38277308851462,405,6,0.3534067402739307,0.6479628556827233,0.1370707951443699,False,0,0,0,0.7776179079904374,False,0.25,0.29802460279682086,0.45000133791962915,0.5343189824979224
Player_372,WR,Team_20,2.3107144089212905,10.31071440892129,329,8,0.38836678907220934,0.6055946016982525,0.22027192145567084,False,0,0,0,0.7602151927887795,True,0.25,0.3388413954264559,0.45391438591848576,0.6345308248469843
Player_373,RB,Team_21,5.5560670043380895,13.55606700433809,423,13,0.06374702647937291,1.0,0.21985871326209572,False,0,0,0,0.071224240873566,False,0.35,0.06468712218626062,0.08059651125243417,0.9545524184851532
Player_374,WR,Team_22,1.6241799577853584,9.624179957785358,392,14,0.3369408127139364,0.6563361565664505,0.2468974080644807,False,0,0,0,1.1729237862330444,False,0.25,0.314667047363824,0.3969821101099351,0.7705813414042553
Player_375,WR,Team_23,13.410854037160519,21.41085403716052,315,8,0.19619829225029362,0.9198311207417107,0.1432601880592324,False,0,0,0,0.520705357555221,False,0.25,0.21702140018148422,0.23828846123449018,0.8593435445314983
Player_376,RB,Team_24,6.151428206672408,14.151428206672408,398,10,0.29714058402477445,0.833737259851659,0.2869597939346999,False,0,1,0,0.9579894069207511,False,0.35,0.3125824458061967,0.2695461827557004,0.7082424948465926
Player_377,WR,Team_25,2.2718485470075223,10.271848547007522,393,11,0.15198190487030147,0.802887808695332,0.1699723388444957,False,0,0,0,0.6448091891870336,False,0.25,0.13433139042400125,0.1905655501449975,0.7462269460819826
Player_378,WR,Team_26,0.10885379452577126,8.108853794525771,372,9,0.18796087201544182,0.8894578606331077,0.12755258587970392,False,0,0,0,0.5111159615384958,False,0.25,0.21684725156927478,0.20466057478956615,0.7886286117017384
Player_379,WR,Team_27,9.75294392456033,17.75294392456033,350,12,0.363408807064378,0.6116938274075545,0.6940594699726095,True,0,1,0,0.8809986640451688,False,0.25,0.3679631614602741,0.444169993210318,0.6680041425806886
Player_380,TE,Team_28,10.67082016468079,16.67082016468079,388,11,0.5197670350881434,0.5474072131310439,0.20697455115175106,False,1,2,0,1.5022074570289896,True,0.2,0.41773729053195297,0.5635451428645358,0.5
Player_381,WR,Team_29,9.05626754608737,17.05626754608737,345,13,0.2343152968723228,0.7407452100891257,0.45266294951663316,True,0,0,0,0.9561145725274186,False,0.25,0.27969686420198364,0.2137273470351373,0.7769299184565391
Player_382,DEF,Team_30,7.179942206384897,13.179942206384897,423,8,0.1652681857976551,0.7291328330096605,0.1459652083585072,False,0,0,0,0.36153747753904203,False,0.1,0.16367541877857233,0.15168777112569123,0.7297263352200263
Player_383,DEF,Team_31,0.7602905161088138,6.760290516108814,406,7,0.17251987055116122,0.8488236191020767,0.1609758714782414,False,0,0,0,0.3956586012019972,False,0.1,0.18781041199010715,0.17475552864783683,0.7748062567498271
Player_384,TE,Team_32,8.869997268872535,14.869997268872535,365,4,0.1683038196517329,0.9143905263947867,0.27985006139631297,False,0,0,0,0.5902002557254883,True,0.2,0.1581031254777515,0.16353608714391824,0.6804955491421094
Player_385,WR,Team_1,3.4143528239901606,11.41435282399016,320,10,0.6680549621593945,0.33549485858119965,0.13588904751617062,False,0,0,0,0.8739557926934993,False,0.25,0.5723716440247282,0.682678099010186,0.5
Player_386,TE,Team_2,0.7406750245397653,6.740675024539765,370,5,0.01503073699529043,1.0,0.5303424867410669,True,0,0,0,0.07851374363443109,False,0.2,0.014675140497056597,0.01734091973238679,1.0300918646183195
Player_387,TE,Team_3,3.3485180268274046,9.348518026827405,378,10,0.45132720937703996,0.6096607953420019,0.773132246501541,True,0,0,0,2.0244081999405026,False,0.2,0.5114041091626509,0.4192417639373371,0.5446801442856236
Player_388,WR,Team_4,-1.9959136341773052,6.004086365822695,400,4,0.46715104056632,0.5975618684479146,0.2426033671467558,False,0,0,0,1.2548141996375337,True,0.25,0.4023885051982409,0.4991295578950768,0.5
Player_389,QB,Team_5,17.081433496876556,32.081433496876556,359,5,0.2881369190017244,0.5719402550758124,0.14838115451835157,False,0,0,0,1.229910555647344,False,0.15,0.32430722262978384,0.31620251325790577,0.7781166843381369
Player_390,WR,Team_6,1.668536121476901,9.668536121476901,397,12,0.4943659490285888,0.44843928691292356,0.17741346267825864,False,0,1,0,2.752167219180856,False,0.25,0.5538499375536778,0.6265115823847528,0.6320997416736653
Player_391,TE,Team_7,4.85634242506895,10.85634242506895,377,10,0.2151224518029827,0.85182134953634,0.14012327422493054,False,0,0,0,0.773847934375817,False,0.2,0.2534097238391969,0.21043886146475466,0.8950513343756382
Player_392,WR,Team_8,8.898175446522224,16.898175446522224,413,14,0.08747660310756408,0.7258771500620157,0.22990648621307797,False,0,0,0,0.29588497259397933,False,0.25,0.09523222780151545,0.08134140161920299,0.908079099706307
Player_393,WR,Team_9,9.294186700063598,17.294186700063598,399,5,0.14771448755443098,0.8417898159346467,0.5004226178267395,True,0,0,0,0.8210105679105751,False,0.25,0.17523894193072104,0.18858028265395194,0.8522785269701562
Player_394,RB,Team_10,14.090499139386907,22.090499139386907,374,13,0.7173774060569988,0.28201774207909264,0.24369203566463335,False,0,1,1,1.3851303582671206,True,0.35,0.6136097865456862,0.8603254137305565,0.5
Player_395,TE,Team_11,2.4051069092596826,8.405106909259683,415,11,0.052643674054901175,0.6621655418668313,0.16983207731314995,False,0,0,0,0.07361055468757452,False,0.2,0.05559235970376801,0.06715775038683111,1.0733548493913205
Player_396,WR,Team_12,11.71238332201348,19.71238332201348,392,4,0.0648586951770461,0.811571002618013,0.2075046200406097,False,0,0,0,0.31404577900581,False,0.25,0.057365130055229134,0.07139986687420145,0.9006751762267521
Player_397,RB,Team_13,5.739674426606891,13.739674426606891,412,12,0.32122848445654634,0.6257331136380104,0.19327872347207609,False,0,0,0,1.2748767561600083,True,0.35,0.2903330177556142,0.37408754101603864,0.7466002026141713
Player_398,TE,Team_14,1.6966114283132736,7.696611428313274,362,13,0.2478953447202297,0.7511151057071059,0.21497389903161418,False,0,0,0,1.1388414206725448,False,0.2,0.2891869935733651,0.22806592508859372,0.7938342283710209
Player_399,WR,Team_15,3.055837498773279,11.055837498773279,423,4,0.19695634510235574,0.7303617601921174,0.7519900045279204,True,0,0,0,0.5911856253856126,False,0.25,0.20164980235502747,0.22969123090414037,0.6659734966003508
Player_400,QB,Team_16,22.661868581489415,37.661868581489415,385,12,0.31594052016008206,0.551697939991014,0.4861226475930357,True,0,0,0,1.7239020638368,False,0.15,0.2760108242369807,0.3217445179944364,0.6391899115779696
